Regression,,,,,,,,,
Descriptive Statistics,,,,,,,,,
,Mean,Std. Deviation,N,,,,,,
Action,13.740794823181800,3.221693211854310,21,,,,,,
Year_zero_ctrd,0.0000,6.20484,21,,,,,,
Year_zero_ctrd_sq,36.6667,33.49079,21,,,,,,
,,,,,,,,,
Correlations,,,,,,,,,
,,Action,Year_zero_ctrd,Year_zero_ctrd_sq,,,,,
Pearson Correlation,Action,1.000,0.478,0.639,,,,,
,Year_zero_ctrd,0.478,1.000,0.000,,,,,
,Year_zero_ctrd_sq,0.639,0.000,1.000,,,,,
Sig. (1-tailed),Action,,0.014,0.001,,,,,
,Year_zero_ctrd,0.014,,0.500,,,,,
,Year_zero_ctrd_sq,0.001,0.500,,,,,,
N,Action,21,21,21,,,,,
,Year_zero_ctrd,21,21,21,,,,,
,Year_zero_ctrd_sq,21,21,21,,,,,
,,,,,,,,,
Variables Entered/Removeda,,,,,,,,,
Model,Variables Entered,Variables Removed,Method,,,,,,
1,Year_zero_ctrdb,,Enter,,,,,,
2,Year_zero_ctrd_sqb,,Enter,,,,,,
a. Dependent Variable: Action,,,,,,,,,
b. All requested variables entered.,,,,,,,,,
,,,,,,,,,
Model Summary,,,,,,,,,
Model,R,R Square,Adjusted R Square,Std. Error of the Estimate,Change Statistics,,,,
,,,,,R Square Change,F Change,df1,df2,Sig. F Change
1,.478a,0.228,0.188,2.903336734701470,0.228,5.627,1,19,0.028
2,.798b,0.637,0.596,2.047361606117890,0.408,20.208,1,18,0.000
"a. Predictors: (Constant), Year_zero_ctrd",,,,,,,,,
"b. Predictors: (Constant), Year_zero_ctrd, Year_zero_ctrd_sq",,,,,,,,,
,,,,,,,,,
ANOVAa,,,,,,,,,
Model,,Sum of Squares,df,Mean Square,F,Sig.,,,
1,Regression,47.428,1,47.428,5.627,.028b,,,
,Residual,160.158,19,8.429,,,,,
,Total,207.586,20,,,,,,
2,Regression,132.136,2,66.068,15.762,.000c,,,
,Residual,75.450,18,4.192,,,,,
,Total,207.586,20,,,,,,
a. Dependent Variable: Action,,,,,,,,,
"b. Predictors: (Constant), Year_zero_ctrd",,,,,,,,,
"c. Predictors: (Constant), Year_zero_ctrd, Year_zero_ctrd_sq",,,,,,,,,
,,,,,,,,,
Coefficientsa,,,,,,,,,
Model,,Unstandardized Coefficients,,Standardized Coefficients,t,Sig.,95.0% Confidence Interval for B,,
,,B,Std. Error,Beta,,,Lower Bound,Upper Bound,
1,(Constant),13.741,0.634,,21.688,0.000,12.415,15.067,
,Year_zero_ctrd,0.248,0.105,0.478,2.372,0.028,0.029,0.467,
2,(Constant),11.488,0.671,,17.109,0.000,10.077,12.898,
,Year_zero_ctrd,0.248,0.074,0.478,3.364,0.003,0.093,0.403,
,Year_zero_ctrd_sq,0.061,0.014,0.639,4.495,0.000,0.033,0.090,
a. Dependent Variable: Action,,,,,,,,,
,,,,,,,,,
Excluded Variablesa,,,,,,,,,
Model,,Beta In,t,Sig.,Partial Correlation,Collinearity Statistics,,,
,,,,,,Tolerance,,,
1,Year_zero_ctrd_sq,.639b,4.495,0.000,0.727,1.000,,,
a. Dependent Variable: Action,,,,,,,,,
"b. Predictors in the Model: (Constant), Year_zero_ctrd",,,,,,,,,
,,,,,,,,,
,,,,,,,,,
REGRESSION,,,,,,,,,
  /DESCRIPTIVES MEAN STDDEV CORR SIG N,,,,,,,,,
  /MISSING LISTWISE,,,,,,,,,
  /STATISTICS COEFF OUTS CI(95) R ANOVA CHANGE,,,,,,,,,
  /CRITERIA=PIN(.05) POUT(.10),,,,,,,,,
  /NOORIGIN,,,,,,,,,
  /DEPENDENT Adventure,,,,,,,,,
  /METHOD=ENTER Year_zero_ctrd,,,,,,,,,
  /METHOD=ENTER Year_zero_ctrd_sq.,,,,,,,,,
,,,,,,,,,
,,,,,,,,,
Regression,,,,,,,,,
,,,,,,,,,
Descriptive Statistics,,,,,,,,,
,Mean,Std. Deviation,N,,,,,,
Adventure,10.722847242058100,1.842828017771980,21,,,,,,
Year_zero_ctrd,0.0000,6.20484,21,,,,,,
Year_zero_ctrd_sq,36.6667,33.49079,21,,,,,,
,,,,,,,,,
Correlations,,,,,,,,,
,,Adventure,Year_zero_ctrd,Year_zero_ctrd_sq,,,,,
Pearson Correlation,Adventure,1.000,0.692,0.399,,,,,
,Year_zero_ctrd,0.692,1.000,0.000,,,,,
,Year_zero_ctrd_sq,0.399,0.000,1.000,,,,,
Sig. (1-tailed),Adventure,,0.000,0.036,,,,,
,Year_zero_ctrd,0.000,,0.500,,,,,
,Year_zero_ctrd_sq,0.036,0.500,,,,,,
N,Adventure,21,21,21,,,,,
,Year_zero_ctrd,21,21,21,,,,,
,Year_zero_ctrd_sq,21,21,21,,,,,
,,,,,,,,,
Variables Entered/Removeda,,,,,,,,,
Model,Variables Entered,Variables Removed,Method,,,,,,
1,Year_zero_ctrdb,,Enter,,,,,,
2,Year_zero_ctrd_sqb,,Enter,,,,,,
a. Dependent Variable: Adventure,,,,,,,,,
b. All requested variables entered.,,,,,,,,,
,,,,,,,,,
Model Summary,,,,,,,,,
Model,R,R Square,Adjusted R Square,Std. Error of the Estimate,Change Statistics,,,,
,,,,,R Square Change,F Change,df1,df2,Sig. F Change
1,.692a,0.478,0.451,1.365444194340610,0.478,17.429,1,19,0.001
2,.799b,0.638,0.598,1.168720428020320,0.160,7.935,1,18,0.011
"a. Predictors: (Constant), Year_zero_ctrd",,,,,,,,,
"b. Predictors: (Constant), Year_zero_ctrd, Year_zero_ctrd_sq",,,,,,,,,
,,,,,,,,,
ANOVAa,,,,,,,,,
Model,,Sum of Squares,df,Mean Square,F,Sig.,,,
1,Regression,32.496,1,32.496,17.429,.001b,,,
,Residual,35.424,19,1.864,,,,,
,Total,67.920,20,,,,,,
2,Regression,43.334,2,21.667,15.863,.000c,,,
,Residual,24.586,18,1.366,,,,,
,Total,67.920,20,,,,,,
a. Dependent Variable: Adventure,,,,,,,,,
"b. Predictors: (Constant), Year_zero_ctrd",,,,,,,,,
"c. Predictors: (Constant), Year_zero_ctrd, Year_zero_ctrd_sq",,,,,,,,,
,,,,,,,,,
Coefficientsa,,,,,,,,,
Model,,Unstandardized Coefficients,,Standardized Coefficients,t,Sig.,95.0% Confidence Interval for B,,
,,B,Std. Error,Beta,,,Lower Bound,Upper Bound,
1,(Constant),10.723,0.298,,35.987,0.000,10.099,11.346,
,Year_zero_ctrd,0.205,0.049,0.692,4.175,0.001,0.102,0.308,
2,(Constant),9.917,0.383,,25.874,0.000,9.112,10.722,
,Year_zero_ctrd,0.205,0.042,0.692,4.878,0.000,0.117,0.294,
,Year_zero_ctrd_sq,0.022,0.008,0.399,2.817,0.011,0.006,0.038,
a. Dependent Variable: Adventure,,,,,,,,,
,,,,,,,,,
Excluded Variablesa,,,,,,,,,
Model,,Beta In,t,Sig.,Partial Correlation,Collinearity Statistics,,,
,,,,,,Tolerance,,,
1,Year_zero_ctrd_sq,.399b,2.817,0.011,0.553,1.000,,,
a. Dependent Variable: Adventure,,,,,,,,,
"b. Predictors in the Model: (Constant), Year_zero_ctrd",,,,,,,,,
,,,,,,,,,
,,,,,,,,,
REGRESSION,,,,,,,,,
  /DESCRIPTIVES MEAN STDDEV CORR SIG N,,,,,,,,,
  /MISSING LISTWISE,,,,,,,,,
  /STATISTICS COEFF OUTS CI(95) R ANOVA CHANGE,,,,,,,,,
  /CRITERIA=PIN(.05) POUT(.10),,,,,,,,,
  /NOORIGIN,,,,,,,,,
  /DEPENDENT Animation,,,,,,,,,
  /METHOD=ENTER Year_zero_ctrd,,,,,,,,,
  /METHOD=ENTER Year_zero_ctrd_sq.,,,,,,,,,
,,,,,,,,,
,,,,,,,,,
Regression,,,,,,,,,
,,,,,,,,,
Descriptive Statistics,,,,,,,,,
,Mean,Std. Deviation,N,,,,,,
Animation,3.562889229747430,0.976966239794470,21,,,,,,
Year_zero_ctrd,0.0000,6.20484,21,,,,,,
Year_zero_ctrd_sq,36.6667,33.49079,21,,,,,,
,,,,,,,,,
Correlations,,,,,,,,,
,,Animation,Year_zero_ctrd,Year_zero_ctrd_sq,,,,,
Pearson Correlation,Animation,1.000,0.679,0.319,,,,,
,Year_zero_ctrd,0.679,1.000,0.000,,,,,
,Year_zero_ctrd_sq,0.319,0.000,1.000,,,,,
Sig. (1-tailed),Animation,,0.000,0.079,,,,,
,Year_zero_ctrd,0.000,,0.500,,,,,
,Year_zero_ctrd_sq,0.079,0.500,,,,,,
N,Animation,21,21,21,,,,,
,Year_zero_ctrd,21,21,21,,,,,
,Year_zero_ctrd_sq,21,21,21,,,,,
,,,,,,,,,
Variables Entered/Removeda,,,,,,,,,
Model,Variables Entered,Variables Removed,Method,,,,,,
1,Year_zero_ctrdb,,Enter,,,,,,
2,Year_zero_ctrd_sqb,,Enter,,,,,,
a. Dependent Variable: Animation,,,,,,,,,
b. All requested variables entered.,,,,,,,,,
,,,,,,,,,
Model Summary,,,,,,,,,
Model,R,R Square,Adjusted R Square,Std. Error of the Estimate,Change Statistics,,,,
,,,,,R Square Change,F Change,df1,df2,Sig. F Change
1,.679a,0.460,0.432,0.736262579130670,0.460,16.215,1,19,0.001
2,.750b,0.562,0.513,0.681465913830071,0.102,4.178,1,18,0.056
"a. Predictors: (Constant), Year_zero_ctrd",,,,,,,,,
"b. Predictors: (Constant), Year_zero_ctrd, Year_zero_ctrd_sq",,,,,,,,,
,,,,,,,,,
ANOVAa,,,,,,,,,
Model,,Sum of Squares,df,Mean Square,F,Sig.,,,
1,Regression,8.790,1,8.790,16.215,.001b,,,
,Residual,10.300,19,0.542,,,,,
,Total,19.089,20,,,,,,
2,Regression,10.730,2,5.365,11.553,.001c,,,
,Residual,8.359,18,0.464,,,,,
,Total,19.089,20,,,,,,
a. Dependent Variable: Animation,,,,,,,,,
"b. Predictors: (Constant), Year_zero_ctrd",,,,,,,,,
"c. Predictors: (Constant), Year_zero_ctrd, Year_zero_ctrd_sq",,,,,,,,,
,,,,,,,,,
Coefficientsa,,,,,,,,,
Model,,Unstandardized Coefficients,,Standardized Coefficients,t,Sig.,95.0% Confidence Interval for B,,
,,B,Std. Error,Beta,,,Lower Bound,Upper Bound,
1,(Constant),3.563,0.161,,22.176,0.000,3.227,3.899,
,Year_zero_ctrd,0.107,0.027,0.679,4.027,0.001,0.051,0.162,
2,(Constant),3.222,0.223,,14.416,0.000,2.752,3.691,
,Year_zero_ctrd,0.107,0.025,0.679,4.351,0.000,0.055,0.158,
,Year_zero_ctrd_sq,0.009,0.005,0.319,2.044,0.056,0.000,0.019,
a. Dependent Variable: Animation,,,,,,,,,
,,,,,,,,,
Excluded Variablesa,,,,,,,,,
Model,,Beta In,t,Sig.,Partial Correlation,Collinearity Statistics,,,
,,,,,,Tolerance,,,
1,Year_zero_ctrd_sq,.319b,2.044,0.056,0.434,1.000,,,
a. Dependent Variable: Animation,,,,,,,,,
"b. Predictors in the Model: (Constant), Year_zero_ctrd",,,,,,,,,
,,,,,,,,,
,,,,,,,,,
REGRESSION,,,,,,,,,
  /DESCRIPTIVES MEAN STDDEV CORR SIG N,,,,,,,,,
  /MISSING LISTWISE,,,,,,,,,
  /STATISTICS COEFF OUTS CI(95) R ANOVA CHANGE,,,,,,,,,
  /CRITERIA=PIN(.05) POUT(.10),,,,,,,,,
  /NOORIGIN,,,,,,,,,
  /DEPENDENT Biography,,,,,,,,,
  /METHOD=ENTER Year_zero_ctrd,,,,,,,,,
  /METHOD=ENTER Year_zero_ctrd_sq.,,,,,,,,,
,,,,,,,,,
,,,,,,,,,
Regression,,,,,,,,,
,,,,,,,,,
Descriptive Statistics,,,,,,,,,
,Mean,Std. Deviation,N,,,,,,
Biography,8.090313649432760,3.399060306642040,21,,,,,,
Year_zero_ctrd,0.0000,6.20484,21,,,,,,
Year_zero_ctrd_sq,36.6667,33.49079,21,,,,,,
,,,,,,,,,
Correlations,,,,,,,,,
,,Biography,Year_zero_ctrd,Year_zero_ctrd_sq,,,,,
Pearson Correlation,Biography,1.000,0.904,0.202,,,,,
,Year_zero_ctrd,0.904,1.000,0.000,,,,,
,Year_zero_ctrd_sq,0.202,0.000,1.000,,,,,
Sig. (1-tailed),Biography,,0.000,0.190,,,,,
,Year_zero_ctrd,0.000,,0.500,,,,,
,Year_zero_ctrd_sq,0.190,0.500,,,,,,
N,Biography,21,21,21,,,,,
,Year_zero_ctrd,21,21,21,,,,,
,Year_zero_ctrd_sq,21,21,21,,,,,
,,,,,,,,,
Variables Entered/Removeda,,,,,,,,,
Model,Variables Entered,Variables Removed,Method,,,,,,
1,Year_zero_ctrdb,,Enter,,,,,,
2,Year_zero_ctrd_sqb,,Enter,,,,,,
a. Dependent Variable: Biography,,,,,,,,,
b. All requested variables entered.,,,,,,,,,
,,,,,,,,,
Model Summary,,,,,,,,,
Model,R,R Square,Adjusted R Square,Std. Error of the Estimate,Change Statistics,,,,
,,,,,R Square Change,F Change,df1,df2,Sig. F Change
1,.904a,0.817,0.808,1.490236017425610,0.817,85.049,1,19,0.000
2,.926b,0.858,0.842,1.349032258731060,0.041,5.186,1,18,0.035
"a. Predictors: (Constant), Year_zero_ctrd",,,,,,,,,
"b. Predictors: (Constant), Year_zero_ctrd, Year_zero_ctrd_sq",,,,,,,,,
,,,,,,,,,
ANOVAa,,,,,,,,,
Model,,Sum of Squares,df,Mean Square,F,Sig.,,,
1,Regression,188.877,1,188.877,85.049,.000b,,,
,Residual,42.195,19,2.221,,,,,
,Total,231.072,20,,,,,,
2,Regression,198.314,2,99.157,54.485,.000c,,,
,Residual,32.758,18,1.820,,,,,
,Total,231.072,20,,,,,,
a. Dependent Variable: Biography,,,,,,,,,
"b. Predictors: (Constant), Year_zero_ctrd",,,,,,,,,
"c. Predictors: (Constant), Year_zero_ctrd, Year_zero_ctrd_sq",,,,,,,,,
,,,,,,,,,
Coefficientsa,,,,,,,,,
Model,,Unstandardized Coefficients,,Standardized Coefficients,t,Sig.,95.0% Confidence Interval for B,,
,,B,Std. Error,Beta,,,Lower Bound,Upper Bound,
1,(Constant),8.090,0.325,,24.878,0.000,7.410,8.771,
,Year_zero_ctrd,0.495,0.054,0.904,9.222,0.000,0.383,0.608,
2,(Constant),7.338,0.442,,16.587,0.000,6.409,8.268,
,Year_zero_ctrd,0.495,0.049,0.904,10.187,0.000,0.393,0.597,
,Year_zero_ctrd_sq,0.021,0.009,0.202,2.277,0.035,0.002,0.039,
a. Dependent Variable: Biography,,,,,,,,,
,,,,,,,,,
Excluded Variablesa,,,,,,,,,
Model,,Beta In,t,Sig.,Partial Correlation,Collinearity Statistics,,,
,,,,,,Tolerance,,,
1,Year_zero_ctrd_sq,.202b,2.277,0.035,0.473,1.000,,,
a. Dependent Variable: Biography,,,,,,,,,
"b. Predictors in the Model: (Constant), Year_zero_ctrd",,,,,,,,,
,,,,,,,,,
,,,,,,,,,
REGRESSION,,,,,,,,,
  /DESCRIPTIVES MEAN STDDEV CORR SIG N,,,,,,,,,
  /MISSING LISTWISE,,,,,,,,,
  /STATISTICS COEFF OUTS CI(95) R ANOVA CHANGE,,,,,,,,,
  /CRITERIA=PIN(.05) POUT(.10),,,,,,,,,
  /NOORIGIN,,,,,,,,,
  /DEPENDENT Comedy,,,,,,,,,
  /METHOD=ENTER Year_zero_ctrd,,,,,,,,,
  /METHOD=ENTER Year_zero_ctrd_sq.,,,,,,,,,
,,,,,,,,,
,,,,,,,,,
Regression,,,,,,,,,
,,,,,,,,,
Descriptive Statistics,,,,,,,,,
,Mean,Std. Deviation,N,,,,,,
Comedy,34.286992030546600,5.618661432343490,21,,,,,,
Year_zero_ctrd,0.0000,6.20484,21,,,,,,
Year_zero_ctrd_sq,36.6667,33.49079,21,,,,,,
,,,,,,,,,
Correlations,,,,,,,,,
,,Comedy,Year_zero_ctrd,Year_zero_ctrd_sq,,,,,
Pearson Correlation,Comedy,1.000,-0.915,0.082,,,,,
,Year_zero_ctrd,-0.915,1.000,0.000,,,,,
,Year_zero_ctrd_sq,0.082,0.000,1.000,,,,,
Sig. (1-tailed),Comedy,,0.000,0.362,,,,,
,Year_zero_ctrd,0.000,,0.500,,,,,
,Year_zero_ctrd_sq,0.362,0.500,,,,,,
N,Comedy,21,21,21,,,,,
,Year_zero_ctrd,21,21,21,,,,,
,Year_zero_ctrd_sq,21,21,21,,,,,
,,,,,,,,,
Variables Entered/Removeda,,,,,,,,,
Model,Variables Entered,Variables Removed,Method,,,,,,
1,Year_zero_ctrdb,,Enter,,,,,,
2,Year_zero_ctrd_sqb,,Enter,,,,,,
a. Dependent Variable: Comedy,,,,,,,,,
b. All requested variables entered.,,,,,,,,,
,,,,,,,,,
Model Summary,,,,,,,,,
Model,R,R Square,Adjusted R Square,Std. Error of the Estimate,Change Statistics,,,,
,,,,,R Square Change,F Change,df1,df2,Sig. F Change
1,.915a,0.838,0.829,2.320779194468320,0.838,98.227,1,19,0.000
2,.919b,0.845,0.827,2.334092436826580,0.007,0.784,1,18,0.388
"a. Predictors: (Constant), Year_zero_ctrd",,,,,,,,,
"b. Predictors: (Constant), Year_zero_ctrd, Year_zero_ctrd_sq",,,,,,,,,
,,,,,,,,,
ANOVAa,,,,,,,,,
Model,,Sum of Squares,df,Mean Square,F,Sig.,,,
1,Regression,529.053,1,529.053,98.227,.000b,,,
,Residual,102.334,19,5.386,,,,,
,Total,631.387,20,,,,,,
2,Regression,533.323,2,266.662,48.947,.000c,,,
,Residual,98.064,18,5.448,,,,,
,Total,631.387,20,,,,,,
a. Dependent Variable: Comedy,,,,,,,,,
"b. Predictors: (Constant), Year_zero_ctrd",,,,,,,,,
"c. Predictors: (Constant), Year_zero_ctrd, Year_zero_ctrd_sq",,,,,,,,,
,,,,,,,,,
Coefficientsa,,,,,,,,,
Model,,Unstandardized Coefficients,,Standardized Coefficients,t,Sig.,95.0% Confidence Interval for B,,
,,B,Std. Error,Beta,,,Lower Bound,Upper Bound,
1,(Constant),34.287,0.506,,67.703,0.000,33.227,35.347,
,Year_zero_ctrd,-0.829,0.084,-0.915,-9.911,0.000,-1.004,-0.654,
2,(Constant),33.781,0.765,,44.131,0.000,32.173,35.389,
,Year_zero_ctrd,-0.829,0.084,-0.915,-9.854,0.000,-1.006,-0.652,
,Year_zero_ctrd_sq,0.014,0.016,0.082,0.885,0.388,-0.019,0.047,
a. Dependent Variable: Comedy,,,,,,,,,
,,,,,,,,,
Excluded Variablesa,,,,,,,,,
Model,,Beta In,t,Sig.,Partial Correlation,Collinearity Statistics,,,
,,,,,,Tolerance,,,
1,Year_zero_ctrd_sq,.082b,0.885,0.388,0.204,1.000,,,
a. Dependent Variable: Comedy,,,,,,,,,
"b. Predictors in the Model: (Constant), Year_zero_ctrd",,,,,,,,,
,,,,,,,,,
,,,,,,,,,
REGRESSION,,,,,,,,,
  /DESCRIPTIVES MEAN STDDEV CORR SIG N,,,,,,,,,
  /MISSING LISTWISE,,,,,,,,,
  /STATISTICS COEFF OUTS CI(95) R ANOVA CHANGE,,,,,,,,,
  /CRITERIA=PIN(.05) POUT(.10),,,,,,,,,
  /NOORIGIN,,,,,,,,,
  /DEPENDENT Crime,,,,,,,,,
  /METHOD=ENTER Year_zero_ctrd,,,,,,,,,
  /METHOD=ENTER Year_zero_ctrd_sq.,,,,,,,,,
,,,,,,,,,
,,,,,,,,,
Regression,,,,,,,,,
,,,,,,,,,
Descriptive Statistics,,,,,,,,,
,Mean,Std. Deviation,N,,,,,,
Crime,14.354425295132400,2.941136570068750,21,,,,,,
Year_zero_ctrd,0.0000,6.20484,21,,,,,,
Year_zero_ctrd_sq,36.6667,33.49079,21,,,,,,
,,,,,,,,,
Correlations,,,,,,,,,
,,Crime,Year_zero_ctrd,Year_zero_ctrd_sq,,,,,
Pearson Correlation,Crime,1.000,-0.726,0.232,,,,,
,Year_zero_ctrd,-0.726,1.000,0.000,,,,,
,Year_zero_ctrd_sq,0.232,0.000,1.000,,,,,
Sig. (1-tailed),Crime,,0.000,0.155,,,,,
,Year_zero_ctrd,0.000,,0.500,,,,,
,Year_zero_ctrd_sq,0.155,0.500,,,,,,
N,Crime,21,21,21,,,,,
,Year_zero_ctrd,21,21,21,,,,,
,Year_zero_ctrd_sq,21,21,21,,,,,
,,,,,,,,,
Variables Entered/Removeda,,,,,,,,,
Model,Variables Entered,Variables Removed,Method,,,,,,
1,Year_zero_ctrdb,,Enter,,,,,,
2,Year_zero_ctrd_sqb,,Enter,,,,,,
a. Dependent Variable: Crime,,,,,,,,,
b. All requested variables entered.,,,,,,,,,
,,,,,,,,,
Model Summary,,,,,,,,,
Model,R,R Square,Adjusted R Square,Std. Error of the Estimate,Change Statistics,,,,
,,,,,R Square Change,F Change,df1,df2,Sig. F Change
1,.726a,0.527,0.502,2.075007748888860,0.527,21.181,1,19,0.000
2,.762b,0.581,0.535,2.006384454157790,0.054,2.322,1,18,0.145
"a. Predictors: (Constant), Year_zero_ctrd",,,,,,,,,
"b. Predictors: (Constant), Year_zero_ctrd, Year_zero_ctrd_sq",,,,,,,,,
,,,,,,,,,
ANOVAa,,,,,,,,,
Model,,Sum of Squares,df,Mean Square,F,Sig.,,,
1,Regression,91.198,1,91.198,21.181,.000b,,,
,Residual,81.807,19,4.306,,,,,
,Total,173.006,20,,,,,,
2,Regression,100.545,2,50.273,12.488,.000c,,,
,Residual,72.460,18,4.026,,,,,
,Total,173.006,20,,,,,,
a. Dependent Variable: Crime,,,,,,,,,
"b. Predictors: (Constant), Year_zero_ctrd",,,,,,,,,
"c. Predictors: (Constant), Year_zero_ctrd, Year_zero_ctrd_sq",,,,,,,,,
,,,,,,,,,
Coefficientsa,,,,,,,,,
Model,,Unstandardized Coefficients,,Standardized Coefficients,t,Sig.,95.0% Confidence Interval for B,,
,,B,Std. Error,Beta,,,Lower Bound,Upper Bound,
1,(Constant),14.354,0.453,,31.701,0.000,13.407,15.302,
,Year_zero_ctrd,-0.344,0.075,-0.726,-4.602,0.000,-0.501,-0.188,
2,(Constant),13.606,0.658,,20.678,0.000,12.224,14.988,
,Year_zero_ctrd,-0.344,0.072,-0.726,-4.760,0.000,-0.496,-0.192,
,Year_zero_ctrd_sq,0.020,0.013,0.232,1.524,0.145,-0.008,0.049,
a. Dependent Variable: Crime,,,,,,,,,
,,,,,,,,,
Excluded Variablesa,,,,,,,,,
Model,,Beta In,t,Sig.,Partial Correlation,Collinearity Statistics,,,
,,,,,,Tolerance,,,
1,Year_zero_ctrd_sq,.232b,1.524,0.145,0.338,1.000,,,
a. Dependent Variable: Crime,,,,,,,,,
"b. Predictors in the Model: (Constant), Year_zero_ctrd",,,,,,,,,
,,,,,,,,,
,,,,,,,,,
REGRESSION,,,,,,,,,
  /DESCRIPTIVES MEAN STDDEV CORR SIG N,,,,,,,,,
  /MISSING LISTWISE,,,,,,,,,
  /STATISTICS COEFF OUTS CI(95) R ANOVA CHANGE,,,,,,,,,
  /CRITERIA=PIN(.05) POUT(.10),,,,,,,,,
  /NOORIGIN,,,,,,,,,
  /DEPENDENT Documentary,,,,,,,,,
  /METHOD=ENTER Year_zero_ctrd,,,,,,,,,
  /METHOD=ENTER Year_zero_ctrd_sq.,,,,,,,,,
,,,,,,,,,
,,,,,,,,,
Regression,,,,,,,,,
,,,,,,,,,
Descriptive Statistics,,,,,,,,,
,Mean,Std. Deviation,N,,,,,,
Documentary,15.044576305086800,5.424395713354160,21,,,,,,
Year_zero_ctrd,0.0000,6.20484,21,,,,,,
Year_zero_ctrd_sq,36.6667,33.49079,21,,,,,,
,,,,,,,,,
Correlations,,,,,,,,,
,,Documentary,Year_zero_ctrd,Year_zero_ctrd_sq,,,,,
Pearson Correlation,Documentary,1.000,0.878,-0.420,,,,,
,Year_zero_ctrd,0.878,1.000,0.000,,,,,
,Year_zero_ctrd_sq,-0.420,0.000,1.000,,,,,
Sig. (1-tailed),Documentary,,0.000,0.029,,,,,
,Year_zero_ctrd,0.000,,0.500,,,,,
,Year_zero_ctrd_sq,0.029,0.500,,,,,,
N,Documentary,21,21,21,,,,,
,Year_zero_ctrd,21,21,21,,,,,
,Year_zero_ctrd_sq,21,21,21,,,,,
,,,,,,,,,
Variables Entered/Removeda,,,,,,,,,
Model,Variables Entered,Variables Removed,Method,,,,,,
1,Year_zero_ctrdb,,Enter,,,,,,
2,Year_zero_ctrd_sqb,,Enter,,,,,,
a. Dependent Variable: Documentary,,,,,,,,,
b. All requested variables entered.,,,,,,,,,
,,,,,,,,,
Model Summary,,,,,,,,,
Model,R,R Square,Adjusted R Square,Std. Error of the Estimate,Change Statistics,,,,
,,,,,R Square Change,F Change,df1,df2,Sig. F Change
1,.878a,0.770,0.758,2.668799326383520,0.770,63.623,1,19,0.000
2,.973b,0.947,0.941,1.319245692072700,0.177,59.756,1,18,0.000
"a. Predictors: (Constant), Year_zero_ctrd",,,,,,,,,
"b. Predictors: (Constant), Year_zero_ctrd, Year_zero_ctrd_sq",,,,,,,,,
,,,,,,,,,
ANOVAa,,,,,,,,,
Model,,Sum of Squares,df,Mean Square,F,Sig.,,,
1,Regression,453.154,1,453.154,63.623,.000b,,,
,Residual,135.327,19,7.122,,,,,
,Total,588.481,20,,,,,,
2,Regression,557.154,2,278.577,160.064,.000c,,,
,Residual,31.327,18,1.740,,,,,
,Total,588.481,20,,,,,,
a. Dependent Variable: Documentary,,,,,,,,,
"b. Predictors: (Constant), Year_zero_ctrd",,,,,,,,,
"c. Predictors: (Constant), Year_zero_ctrd, Year_zero_ctrd_sq",,,,,,,,,
,,,,,,,,,
Coefficientsa,,,,,,,,,
Model,,Unstandardized Coefficients,,Standardized Coefficients,t,Sig.,95.0% Confidence Interval for B,,
,,B,Std. Error,Beta,,,Lower Bound,Upper Bound,
1,(Constant),15.045,0.582,,25.833,0.000,13.826,16.264,
,Year_zero_ctrd,0.767,0.096,0.878,7.976,0.000,0.566,0.968,
2,(Constant),17.541,0.433,,40.544,0.000,16.632,18.450,
,Year_zero_ctrd,0.767,0.048,0.878,16.136,0.000,0.667,0.867,
,Year_zero_ctrd_sq,-0.068,0.009,-0.420,-7.730,0.000,-0.087,-0.050,
a. Dependent Variable: Documentary,,,,,,,,,
,,,,,,,,,
Excluded Variablesa,,,,,,,,,
Model,,Beta In,t,Sig.,Partial Correlation,Collinearity Statistics,,,
,,,,,,Tolerance,,,
1,Year_zero_ctrd_sq,-.420b,-7.730,0.000,-0.877,1.000,,,
a. Dependent Variable: Documentary,,,,,,,,,
"b. Predictors in the Model: (Constant), Year_zero_ctrd",,,,,,,,,
,,,,,,,,,
,,,,,,,,,
REGRESSION,,,,,,,,,
  /DESCRIPTIVES MEAN STDDEV CORR SIG N,,,,,,,,,
  /MISSING LISTWISE,,,,,,,,,
  /STATISTICS COEFF OUTS CI(95) R ANOVA CHANGE,,,,,,,,,
  /CRITERIA=PIN(.05) POUT(.10),,,,,,,,,
  /NOORIGIN,,,,,,,,,
  /DEPENDENT Drama,,,,,,,,,
  /METHOD=ENTER Year_zero_ctrd,,,,,,,,,
  /METHOD=ENTER Year_zero_ctrd_sq.,,,,,,,,,
,,,,,,,,,
,,,,,,,,,
Regression,,,,,,,,,
,,,,,,,,,
Descriptive Statistics,,,,,,,,,
,Mean,Std. Deviation,N,,,,,,
Drama,57.806651769853900,3.399508836428950,21,,,,,,
Year_zero_ctrd,0.0000,6.20484,21,,,,,,
Year_zero_ctrd_sq,36.6667,33.49079,21,,,,,,
,,,,,,,,,
Correlations,,,,,,,,,
,,Drama,Year_zero_ctrd,Year_zero_ctrd_sq,,,,,
Pearson Correlation,Drama,1.000,-0.486,0.485,,,,,
,Year_zero_ctrd,-0.486,1.000,0.000,,,,,
,Year_zero_ctrd_sq,0.485,0.000,1.000,,,,,
Sig. (1-tailed),Drama,,0.013,0.013,,,,,
,Year_zero_ctrd,0.013,,0.500,,,,,
,Year_zero_ctrd_sq,0.013,0.500,,,,,,
N,Drama,21,21,21,,,,,
,Year_zero_ctrd,21,21,21,,,,,
,Year_zero_ctrd_sq,21,21,21,,,,,
,,,,,,,,,
Variables Entered/Removeda,,,,,,,,,
Model,Variables Entered,Variables Removed,Method,,,,,,
1,Year_zero_ctrdb,,Enter,,,,,,
2,Year_zero_ctrd_sqb,,Enter,,,,,,
a. Dependent Variable: Drama,,,,,,,,,
b. All requested variables entered.,,,,,,,,,
,,,,,,,,,
Model Summary,,,,,,,,,
Model,R,R Square,Adjusted R Square,Std. Error of the Estimate,Change Statistics,,,,
,,,,,R Square Change,F Change,df1,df2,Sig. F Change
1,.486a,0.236,0.196,3.048645380818110,0.236,5.868,1,19,0.026
2,.686b,0.471,0.412,2.606227703034040,0.235,7.998,1,18,0.011
"a. Predictors: (Constant), Year_zero_ctrd",,,,,,,,,
"b. Predictors: (Constant), Year_zero_ctrd, Year_zero_ctrd_sq",,,,,,,,,
,,,,,,,,,
ANOVAa,,,,,,,,,
Model,,Sum of Squares,df,Mean Square,F,Sig.,,,
1,Regression,54.543,1,54.543,5.868,.026b,,,
,Residual,176.591,19,9.294,,,,,
,Total,231.133,20,,,,,,
2,Regression,108.870,2,54.435,8.014,.003c,,,
,Residual,122.264,18,6.792,,,,,
,Total,231.133,20,,,,,,
a. Dependent Variable: Drama,,,,,,,,,
"b. Predictors: (Constant), Year_zero_ctrd",,,,,,,,,
"c. Predictors: (Constant), Year_zero_ctrd, Year_zero_ctrd_sq",,,,,,,,,
,,,,,,,,,
Coefficientsa,,,,,,,,,
Model,,Unstandardized Coefficients,,Standardized Coefficients,t,Sig.,95.0% Confidence Interval for B,,
,,B,Std. Error,Beta,,,Lower Bound,Upper Bound,
1,(Constant),57.807,0.665,,86.892,0.000,56.414,59.199,
,Year_zero_ctrd,-0.266,0.110,-0.486,-2.422,0.026,-0.496,-0.036,
2,(Constant),56.002,0.855,,65.522,0.000,54.207,57.798,
,Year_zero_ctrd,-0.266,0.094,-0.486,-2.834,0.011,-0.463,-0.069,
,Year_zero_ctrd_sq,0.049,0.017,0.485,2.828,0.011,0.013,0.086,
a. Dependent Variable: Drama,,,,,,,,,
,,,,,,,,,
Excluded Variablesa,,,,,,,,,
Model,,Beta In,t,Sig.,Partial Correlation,Collinearity Statistics,,,
,,,,,,Tolerance,,,
1,Year_zero_ctrd_sq,.485b,2.828,0.011,0.555,1.000,,,
a. Dependent Variable: Drama,,,,,,,,,
"b. Predictors in the Model: (Constant), Year_zero_ctrd",,,,,,,,,
,,,,,,,,,
,,,,,,,,,
REGRESSION,,,,,,,,,
  /DESCRIPTIVES MEAN STDDEV CORR SIG N,,,,,,,,,
  /MISSING LISTWISE,,,,,,,,,
  /STATISTICS COEFF OUTS CI(95) R ANOVA CHANGE,,,,,,,,,
  /CRITERIA=PIN(.05) POUT(.10),,,,,,,,,
  /NOORIGIN,,,,,,,,,
  /DEPENDENT Family,,,,,,,,,
  /METHOD=ENTER Year_zero_ctrd,,,,,,,,,
  /METHOD=ENTER Year_zero_ctrd_sq.,,,,,,,,,
,,,,,,,,,
,,,,,,,,,
Regression,,,,,,,,,
,,,,,,,,,
Descriptive Statistics,,,,,,,,,
,Mean,Std. Deviation,N,,,,,,
Family,6.957267749575190,1.367132310150450,21,,,,,,
Year_zero_ctrd,0.0000,6.20484,21,,,,,,
Year_zero_ctrd_sq,36.6667,33.49079,21,,,,,,
,,,,,,,,,
Correlations,,,,,,,,,
,,Family,Year_zero_ctrd,Year_zero_ctrd_sq,,,,,
Pearson Correlation,Family,1.000,-0.309,-0.112,,,,,
,Year_zero_ctrd,-0.309,1.000,0.000,,,,,
,Year_zero_ctrd_sq,-0.112,0.000,1.000,,,,,
Sig. (1-tailed),Family,,0.086,0.315,,,,,
,Year_zero_ctrd,0.086,,0.500,,,,,
,Year_zero_ctrd_sq,0.315,0.500,,,,,,
N,Family,21,21,21,,,,,
,Year_zero_ctrd,21,21,21,,,,,
,Year_zero_ctrd_sq,21,21,21,,,,,
,,,,,,,,,
Variables Entered/Removeda,,,,,,,,,
Model,Variables Entered,Variables Removed,Method,,,,,,
1,Year_zero_ctrdb,,Enter,,,,,,
2,Year_zero_ctrd_sqb,,Enter,,,,,,
a. Dependent Variable: Family,,,,,,,,,
b. All requested variables entered.,,,,,,,,,
,,,,,,,,,
Model Summary,,,,,,,,,
Model,R,R Square,Adjusted R Square,Std. Error of the Estimate,Change Statistics,,,,
,,,,,R Square Change,F Change,df1,df2,Sig. F Change
1,.309a,0.096,0.048,1.333914488369890,0.096,2.009,1,19,0.173
2,.329b,0.108,0.009,1.360975992754580,0.012,0.252,1,18,0.622
"a. Predictors: (Constant), Year_zero_ctrd",,,,,,,,,
"b. Predictors: (Constant), Year_zero_ctrd, Year_zero_ctrd_sq",,,,,,,,,
,,,,,,,,,
ANOVAa,,,,,,,,,
Model,,Sum of Squares,df,Mean Square,F,Sig.,,,
1,Regression,3.574,1,3.574,2.009,.173b,,,
,Residual,33.807,19,1.779,,,,,
,Total,37.381,20,,,,,,
2,Regression,4.040,2,2.020,1.091,.357c,,,
,Residual,33.341,18,1.852,,,,,
,Total,37.381,20,,,,,,
a. Dependent Variable: Family,,,,,,,,,
"b. Predictors: (Constant), Year_zero_ctrd",,,,,,,,,
"c. Predictors: (Constant), Year_zero_ctrd, Year_zero_ctrd_sq",,,,,,,,,
,,,,,,,,,
Coefficientsa,,,,,,,,,
Model,,Unstandardized Coefficients,,Standardized Coefficients,t,Sig.,95.0% Confidence Interval for B,,
,,B,Std. Error,Beta,,,Lower Bound,Upper Bound,
1,(Constant),6.957,0.291,,23.901,0.000,6.348,7.567,
,Year_zero_ctrd,-0.068,0.048,-0.309,-1.417,0.173,-0.169,0.032,
2,(Constant),7.124,0.446,,15.962,0.000,6.187,8.062,
,Year_zero_ctrd,-0.068,0.049,-0.309,-1.389,0.182,-0.171,0.035,
,Year_zero_ctrd_sq,-0.005,0.009,-0.112,-0.502,0.622,-0.024,0.015,
a. Dependent Variable: Family,,,,,,,,,
,,,,,,,,,
Excluded Variablesa,,,,,,,,,
Model,,Beta In,t,Sig.,Partial Correlation,Collinearity Statistics,,,
,,,,,,Tolerance,,,
1,Year_zero_ctrd_sq,-.112b,-0.502,0.622,-0.117,1.000,,,
a. Dependent Variable: Family,,,,,,,,,
"b. Predictors in the Model: (Constant), Year_zero_ctrd",,,,,,,,,
,,,,,,,,,
,,,,,,,,,
REGRESSION,,,,,,,,,
  /DESCRIPTIVES MEAN STDDEV CORR SIG N,,,,,,,,,
  /MISSING LISTWISE,,,,,,,,,
  /STATISTICS COEFF OUTS CI(95) R ANOVA CHANGE,,,,,,,,,
  /CRITERIA=PIN(.05) POUT(.10),,,,,,,,,
  /NOORIGIN,,,,,,,,,
  /DEPENDENT Fantasy,,,,,,,,,
  /METHOD=ENTER Year_zero_ctrd,,,,,,,,,
  /METHOD=ENTER Year_zero_ctrd_sq.,,,,,,,,,
,,,,,,,,,
,,,,,,,,,
Regression,,,,,,,,,
,,,,,,,,,
Descriptive Statistics,,,,,,,,,
,Mean,Std. Deviation,N,,,,,,
Fantasy,7.327279425586680,1.199641980256390,21,,,,,,
Year_zero_ctrd,0.0000,6.20484,21,,,,,,
Year_zero_ctrd_sq,36.6667,33.49079,21,,,,,,
,,,,,,,,,
Correlations,,,,,,,,,
,,Fantasy,Year_zero_ctrd,Year_zero_ctrd_sq,,,,,
Pearson Correlation,Fantasy,1.000,0.458,0.250,,,,,
,Year_zero_ctrd,0.458,1.000,0.000,,,,,
,Year_zero_ctrd_sq,0.250,0.000,1.000,,,,,
Sig. (1-tailed),Fantasy,,0.018,0.138,,,,,
,Year_zero_ctrd,0.018,,0.500,,,,,
,Year_zero_ctrd_sq,0.138,0.500,,,,,,
N,Fantasy,21,21,21,,,,,
,Year_zero_ctrd,21,21,21,,,,,
,Year_zero_ctrd_sq,21,21,21,,,,,
,,,,,,,,,
Variables Entered/Removeda,,,,,,,,,
Model,Variables Entered,Variables Removed,Method,,,,,,
1,Year_zero_ctrdb,,Enter,,,,,,
2,Year_zero_ctrd_sqb,,Enter,,,,,,
a. Dependent Variable: Fantasy,,,,,,,,,
b. All requested variables entered.,,,,,,,,,
,,,,,,,,,
Model Summary,,,,,,,,,
Model,R,R Square,Adjusted R Square,Std. Error of the Estimate,Change Statistics,,,,
,,,,,R Square Change,F Change,df1,df2,Sig. F Change
1,.458a,0.210,0.168,1.094226702127720,0.210,5.039,1,19,0.037
2,.521b,0.272,0.191,1.078969906986670,0.062,1.541,1,18,0.230
"a. Predictors: (Constant), Year_zero_ctrd",,,,,,,,,
"b. Predictors: (Constant), Year_zero_ctrd, Year_zero_ctrd_sq",,,,,,,,,
,,,,,,,,,
ANOVAa,,,,,,,,,
Model,,Sum of Squares,df,Mean Square,F,Sig.,,,
1,Regression,6.034,1,6.034,5.039,.037b,,,
,Residual,22.749,19,1.197,,,,,
,Total,28.783,20,,,,,,
2,Regression,7.828,2,3.914,3.362,.057c,,,
,Residual,20.955,18,1.164,,,,,
,Total,28.783,20,,,,,,
a. Dependent Variable: Fantasy,,,,,,,,,
"b. Predictors: (Constant), Year_zero_ctrd",,,,,,,,,
"c. Predictors: (Constant), Year_zero_ctrd, Year_zero_ctrd_sq",,,,,,,,,
,,,,,,,,,
Coefficientsa,,,,,,,,,
Model,,Unstandardized Coefficients,,Standardized Coefficients,t,Sig.,95.0% Confidence Interval for B,,
,,B,Std. Error,Beta,,,Lower Bound,Upper Bound,
1,(Constant),7.327,0.239,,30.686,0.000,6.828,7.827,
,Year_zero_ctrd,0.089,0.039,0.458,2.245,0.037,0.006,0.171,
2,(Constant),6.999,0.354,,19.781,0.000,6.256,7.743,
,Year_zero_ctrd,0.089,0.039,0.458,2.277,0.035,0.007,0.170,
,Year_zero_ctrd_sq,0.009,0.007,0.250,1.241,0.230,-0.006,0.024,
a. Dependent Variable: Fantasy,,,,,,,,,
,,,,,,,,,
Excluded Variablesa,,,,,,,,,
Model,,Beta In,t,Sig.,Partial Correlation,Collinearity Statistics,,,
,,,,,,Tolerance,,,
1,Year_zero_ctrd_sq,.250b,1.241,0.230,0.281,1.000,,,
a. Dependent Variable: Fantasy,,,,,,,,,
"b. Predictors in the Model: (Constant), Year_zero_ctrd",,,,,,,,,
,,,,,,,,,
,,,,,,,,,
REGRESSION,,,,,,,,,
  /DESCRIPTIVES MEAN STDDEV CORR SIG N,,,,,,,,,
  /MISSING LISTWISE,,,,,,,,,
  /STATISTICS COEFF OUTS CI(95) R ANOVA CHANGE,,,,,,,,,
  /CRITERIA=PIN(.05) POUT(.10),,,,,,,,,
  /NOORIGIN,,,,,,,,,
  /DEPENDENT History,,,,,,,,,
  /METHOD=ENTER Year_zero_ctrd,,,,,,,,,
  /METHOD=ENTER Year_zero_ctrd_sq.,,,,,,,,,
,,,,,,,,,
,,,,,,,,,
Regression,,,,,,,,,
,,,,,,,,,
Descriptive Statistics,,,,,,,,,
,Mean,Std. Deviation,N,,,,,,
History,5.054718131477020,2.045484376775030,21,,,,,,
Year_zero_ctrd,0.0000,6.20484,21,,,,,,
Year_zero_ctrd_sq,36.6667,33.49079,21,,,,,,
,,,,,,,,,
Correlations,,,,,,,,,
,,History,Year_zero_ctrd,Year_zero_ctrd_sq,,,,,
Pearson Correlation,History,1.000,0.794,0.232,,,,,
,Year_zero_ctrd,0.794,1.000,0.000,,,,,
,Year_zero_ctrd_sq,0.232,0.000,1.000,,,,,
Sig. (1-tailed),History,,0.000,0.156,,,,,
,Year_zero_ctrd,0.000,,0.500,,,,,
,Year_zero_ctrd_sq,0.156,0.500,,,,,,
N,History,21,21,21,,,,,
,Year_zero_ctrd,21,21,21,,,,,
,Year_zero_ctrd_sq,21,21,21,,,,,
,,,,,,,,,
Variables Entered/Removeda,,,,,,,,,
Model,Variables Entered,Variables Removed,Method,,,,,,
1,Year_zero_ctrdb,,Enter,,,,,,
2,Year_zero_ctrd_sqb,,Enter,,,,,,
a. Dependent Variable: History,,,,,,,,,
b. All requested variables entered.,,,,,,,,,
,,,,,,,,,
Model Summary,,,,,,,,,
Model,R,R Square,Adjusted R Square,Std. Error of the Estimate,Change Statistics,,,,
,,,,,R Square Change,F Change,df1,df2,Sig. F Change
1,.794a,0.630,0.610,1.276609614697480,0.630,32.346,1,19,0.000
2,.827b,0.684,0.649,1.212433929472080,0.054,3.065,1,18,0.097
"a. Predictors: (Constant), Year_zero_ctrd",,,,,,,,,
"b. Predictors: (Constant), Year_zero_ctrd, Year_zero_ctrd_sq",,,,,,,,,
,,,,,,,,,
ANOVAa,,,,,,,,,
Model,,Sum of Squares,df,Mean Square,F,Sig.,,,
1,Regression,52.715,1,52.715,32.346,.000b,,,
,Residual,30.965,19,1.630,,,,,
,Total,83.680,20,,,,,,
2,Regression,57.220,2,28.610,19.463,.000c,,,
,Residual,26.460,18,1.470,,,,,
,Total,83.680,20,,,,,,
a. Dependent Variable: History,,,,,,,,,
"b. Predictors: (Constant), Year_zero_ctrd",,,,,,,,,
"c. Predictors: (Constant), Year_zero_ctrd, Year_zero_ctrd_sq",,,,,,,,,
,,,,,,,,,
Coefficientsa,,,,,,,,,
Model,,Unstandardized Coefficients,,Standardized Coefficients,t,Sig.,95.0% Confidence Interval for B,,
,,B,Std. Error,Beta,,,Lower Bound,Upper Bound,
1,(Constant),5.055,0.279,,18.145,0.000,4.472,5.638,
,Year_zero_ctrd,0.262,0.046,0.794,5.687,0.000,0.165,0.358,
2,(Constant),4.535,0.398,,11.406,0.000,3.700,5.370,
,Year_zero_ctrd,0.262,0.044,0.794,5.988,0.000,0.170,0.353,
,Year_zero_ctrd_sq,0.014,0.008,0.232,1.751,0.097,-0.003,0.031,
a. Dependent Variable: History,,,,,,,,,
,,,,,,,,,
Excluded Variablesa,,,,,,,,,
Model,,Beta In,t,Sig.,Partial Correlation,Collinearity Statistics,,,
,,,,,,Tolerance,,,
1,Year_zero_ctrd_sq,.232b,1.751,0.097,0.381,1.000,,,
a. Dependent Variable: History,,,,,,,,,
"b. Predictors in the Model: (Constant), Year_zero_ctrd",,,,,,,,,
,,,,,,,,,
,,,,,,,,,
REGRESSION,,,,,,,,,
  /DESCRIPTIVES MEAN STDDEV CORR SIG N,,,,,,,,,
  /MISSING LISTWISE,,,,,,,,,
  /STATISTICS COEFF OUTS CI(95) R ANOVA CHANGE,,,,,,,,,
  /CRITERIA=PIN(.05) POUT(.10),,,,,,,,,
  /NOORIGIN,,,,,,,,,
  /DEPENDENT Horror,,,,,,,,,
  /METHOD=ENTER Year_zero_ctrd,,,,,,,,,
  /METHOD=ENTER Year_zero_ctrd_sq.,,,,,,,,,
,,,,,,,,,
,,,,,,,,,
Regression,,,,,,,,,
,,,,,,,,,
Descriptive Statistics,,,,,,,,,
,Mean,Std. Deviation,N,,,,,,
Horror,6.746960335287520,1.513894531264570,21,,,,,,
Year_zero_ctrd,0.0000,6.20484,21,,,,,,
Year_zero_ctrd_sq,36.6667,33.49079,21,,,,,,
,,,,,,,,,
Correlations,,,,,,,,,
,,Horror,Year_zero_ctrd,Year_zero_ctrd_sq,,,,,
Pearson Correlation,Horror,1.000,0.733,-0.133,,,,,
,Year_zero_ctrd,0.733,1.000,0.000,,,,,
,Year_zero_ctrd_sq,-0.133,0.000,1.000,,,,,
Sig. (1-tailed),Horror,,0.000,0.282,,,,,
,Year_zero_ctrd,0.000,,0.500,,,,,
,Year_zero_ctrd_sq,0.282,0.500,,,,,,
N,Horror,21,21,21,,,,,
,Year_zero_ctrd,21,21,21,,,,,
,Year_zero_ctrd_sq,21,21,21,,,,,
,,,,,,,,,
Variables Entered/Removeda,,,,,,,,,
Model,Variables Entered,Variables Removed,Method,,,,,,
1,Year_zero_ctrdb,,Enter,,,,,,
2,Year_zero_ctrd_sqb,,Enter,,,,,,
a. Dependent Variable: Horror,,,,,,,,,
b. All requested variables entered.,,,,,,,,,
,,,,,,,,,
Model Summary,,,,,,,,,
Model,R,R Square,Adjusted R Square,Std. Error of the Estimate,Change Statistics,,,,
,,,,,R Square Change,F Change,df1,df2,Sig. F Change
1,.733a,0.538,0.513,1.056212696065650,0.538,22.088,1,19,0.000
2,.745b,0.555,0.506,1.064082909764470,0.018,0.720,1,18,0.407
"a. Predictors: (Constant), Year_zero_ctrd",,,,,,,,,
"b. Predictors: (Constant), Year_zero_ctrd, Year_zero_ctrd_sq",,,,,,,,,
,,,,,,,,,
ANOVAa,,,,,,,,,
Model,,Sum of Squares,df,Mean Square,F,Sig.,,,
1,Regression,24.641,1,24.641,22.088,.000b,,,
,Residual,21.196,19,1.116,,,,,
,Total,45.838,20,,,,,,
2,Regression,25.457,2,12.728,11.241,.001c,,,
,Residual,20.381,18,1.132,,,,,
,Total,45.838,20,,,,,,
a. Dependent Variable: Horror,,,,,,,,,
"b. Predictors: (Constant), Year_zero_ctrd",,,,,,,,,
"c. Predictors: (Constant), Year_zero_ctrd, Year_zero_ctrd_sq",,,,,,,,,
,,,,,,,,,
Coefficientsa,,,,,,,,,
Model,,Unstandardized Coefficients,,Standardized Coefficients,t,Sig.,95.0% Confidence Interval for B,,
,,B,Std. Error,Beta,,,Lower Bound,Upper Bound,
1,(Constant),6.747,0.230,,29.273,0.000,6.265,7.229,
,Year_zero_ctrd,0.179,0.038,0.733,4.700,0.000,0.099,0.259,
2,(Constant),6.968,0.349,,19.968,0.000,6.235,7.701,
,Year_zero_ctrd,0.179,0.038,0.733,4.665,0.000,0.098,0.259,
,Year_zero_ctrd_sq,-0.006,0.007,-0.133,-0.849,0.407,-0.021,0.009,
a. Dependent Variable: Horror,,,,,,,,,
,,,,,,,,,
Excluded Variablesa,,,,,,,,,
Model,,Beta In,t,Sig.,Partial Correlation,Collinearity Statistics,,,
,,,,,,Tolerance,,,
1,Year_zero_ctrd_sq,-.133b,-0.849,0.407,-0.196,1.000,,,
a. Dependent Variable: Horror,,,,,,,,,
"b. Predictors in the Model: (Constant), Year_zero_ctrd",,,,,,,,,
,,,,,,,,,
,,,,,,,,,
REGRESSION,,,,,,,,,
  /DESCRIPTIVES MEAN STDDEV CORR SIG N,,,,,,,,,
  /MISSING LISTWISE,,,,,,,,,
  /STATISTICS COEFF OUTS CI(95) R ANOVA CHANGE,,,,,,,,,
  /CRITERIA=PIN(.05) POUT(.10),,,,,,,,,
  /NOORIGIN,,,,,,,,,
  /DEPENDENT Music,,,,,,,,,
  /METHOD=ENTER Year_zero_ctrd,,,,,,,,,
  /METHOD=ENTER Year_zero_ctrd_sq.,,,,,,,,,
,,,,,,,,,
,,,,,,,,,
Regression,,,,,,,,,
,,,,,,,,,
Descriptive Statistics,,,,,,,,,
,Mean,Std. Deviation,N,,,,,,
Music,5.696302453990140,0.990472797125909,21,,,,,,
Year_zero_ctrd,0.0000,6.20484,21,,,,,,
Year_zero_ctrd_sq,36.6667,33.49079,21,,,,,,
,,,,,,,,,
Correlations,,,,,,,,,
,,Music,Year_zero_ctrd,Year_zero_ctrd_sq,,,,,
Pearson Correlation,Music,1.000,0.119,-0.497,,,,,
,Year_zero_ctrd,0.119,1.000,0.000,,,,,
,Year_zero_ctrd_sq,-0.497,0.000,1.000,,,,,
Sig. (1-tailed),Music,,0.303,0.011,,,,,
,Year_zero_ctrd,0.303,,0.500,,,,,
,Year_zero_ctrd_sq,0.011,0.500,,,,,,
N,Music,21,21,21,,,,,
,Year_zero_ctrd,21,21,21,,,,,
,Year_zero_ctrd_sq,21,21,21,,,,,
,,,,,,,,,
Variables Entered/Removeda,,,,,,,,,
Model,Variables Entered,Variables Removed,Method,,,,,,
1,Year_zero_ctrdb,,Enter,,,,,,
2,Year_zero_ctrd_sqb,,Enter,,,,,,
a. Dependent Variable: Music,,,,,,,,,
b. All requested variables entered.,,,,,,,,,
,,,,,,,,,
Model Summary,,,,,,,,,
Model,R,R Square,Adjusted R Square,Std. Error of the Estimate,Change Statistics,,,,
,,,,,R Square Change,F Change,df1,df2,Sig. F Change
1,.119a,0.014,-0.038,1.008965337924020,0.014,0.274,1,19,0.607
2,.511b,0.262,0.180,0.897171533875289,0.247,6.030,1,18,0.024
"a. Predictors: (Constant), Year_zero_ctrd",,,,,,,,,
"b. Predictors: (Constant), Year_zero_ctrd, Year_zero_ctrd_sq",,,,,,,,,
,,,,,,,,,
ANOVAa,,,,,,,,,
Model,,Sum of Squares,df,Mean Square,F,Sig.,,,
1,Regression,0.279,1,0.279,0.274,.607b,,,
,Residual,19.342,19,1.018,,,,,
,Total,19.621,20,,,,,,
2,Regression,5.132,2,2.566,3.188,.065c,,,
,Residual,14.489,18,0.805,,,,,
,Total,19.621,20,,,,,,
a. Dependent Variable: Music,,,,,,,,,
"b. Predictors: (Constant), Year_zero_ctrd",,,,,,,,,
"c. Predictors: (Constant), Year_zero_ctrd, Year_zero_ctrd_sq",,,,,,,,,
,,,,,,,,,
Coefficientsa,,,,,,,,,
Model,,Unstandardized Coefficients,,Standardized Coefficients,t,Sig.,95.0% Confidence Interval for B,,
,,B,Std. Error,Beta,,,Lower Bound,Upper Bound,
1,(Constant),5.696,0.220,,25.872,0.000,5.235,6.157,
,Year_zero_ctrd,0.019,0.036,0.119,0.523,0.607,-0.057,0.095,
2,(Constant),6.236,0.294,,21.193,0.000,5.617,6.854,
,Year_zero_ctrd,0.019,0.032,0.119,0.588,0.564,-0.049,0.087,
,Year_zero_ctrd_sq,-0.015,0.006,-0.497,-2.456,0.024,-0.027,-0.002,
a. Dependent Variable: Music,,,,,,,,,
,,,,,,,,,
Excluded Variablesa,,,,,,,,,
Model,,Beta In,t,Sig.,Partial Correlation,Collinearity Statistics,,,
,,,,,,Tolerance,,,
1,Year_zero_ctrd_sq,-.497b,-2.456,0.024,-0.501,1.000,,,
a. Dependent Variable: Music,,,,,,,,,
"b. Predictors in the Model: (Constant), Year_zero_ctrd",,,,,,,,,
,,,,,,,,,
,,,,,,,,,
REGRESSION,,,,,,,,,
  /DESCRIPTIVES MEAN STDDEV CORR SIG N,,,,,,,,,
  /MISSING LISTWISE,,,,,,,,,
  /STATISTICS COEFF OUTS CI(95) R ANOVA CHANGE,,,,,,,,,
  /CRITERIA=PIN(.05) POUT(.10),,,,,,,,,
  /NOORIGIN,,,,,,,,,
  /DEPENDENT Musical,,,,,,,,,
  /METHOD=ENTER Year_zero_ctrd,,,,,,,,,
  /METHOD=ENTER Year_zero_ctrd_sq.,,,,,,,,,
,,,,,,,,,
,,,,,,,,,
Regression,,,,,,,,,
,,,,,,,,,
Descriptive Statistics,,,,,,,,,
,Mean,Std. Deviation,N,,,,,,
Musical,1.668824870106890,0.619314826508957,21,,,,,,
Year_zero_ctrd,0.0000,6.20484,21,,,,,,
Year_zero_ctrd_sq,36.6667,33.49079,21,,,,,,
,,,,,,,,,
Correlations,,,,,,,,,
,,Musical,Year_zero_ctrd,Year_zero_ctrd_sq,,,,,
Pearson Correlation,Musical,1.000,-0.400,-0.059,,,,,
,Year_zero_ctrd,-0.400,1.000,0.000,,,,,
,Year_zero_ctrd_sq,-0.059,0.000,1.000,,,,,
Sig. (1-tailed),Musical,,0.036,0.399,,,,,
,Year_zero_ctrd,0.036,,0.500,,,,,
,Year_zero_ctrd_sq,0.399,0.500,,,,,,
N,Musical,21,21,21,,,,,
,Year_zero_ctrd,21,21,21,,,,,
,Year_zero_ctrd_sq,21,21,21,,,,,
,,,,,,,,,
Variables Entered/Removeda,,,,,,,,,
Model,Variables Entered,Variables Removed,Method,,,,,,
1,Year_zero_ctrdb,,Enter,,,,,,
2,Year_zero_ctrd_sqb,,Enter,,,,,,
a. Dependent Variable: Musical,,,,,,,,,
b. All requested variables entered.,,,,,,,,,
,,,,,,,,,
Model Summary,,,,,,,,,
Model,R,R Square,Adjusted R Square,Std. Error of the Estimate,Change Statistics,,,,
,,,,,R Square Change,F Change,df1,df2,Sig. F Change
1,.400a,0.160,0.116,0.582363905956548,0.160,3.619,1,19,0.072
2,.404b,0.164,0.071,0.597065192967374,0.004,0.076,1,18,0.786
"a. Predictors: (Constant), Year_zero_ctrd",,,,,,,,,
"b. Predictors: (Constant), Year_zero_ctrd, Year_zero_ctrd_sq",,,,,,,,,
,,,,,,,,,
ANOVAa,,,,,,,,,
Model,,Sum of Squares,df,Mean Square,F,Sig.,,,
1,Regression,1.227,1,1.227,3.619,.072b,,,
,Residual,6.444,19,0.339,,,,,
,Total,7.671,20,,,,,,
2,Regression,1.254,2,0.627,1.759,.201c,,,
,Residual,6.417,18,0.356,,,,,
,Total,7.671,20,,,,,,
a. Dependent Variable: Musical,,,,,,,,,
"b. Predictors: (Constant), Year_zero_ctrd",,,,,,,,,
"c. Predictors: (Constant), Year_zero_ctrd, Year_zero_ctrd_sq",,,,,,,,,
,,,,,,,,,
Coefficientsa,,,,,,,,,
Model,,Unstandardized Coefficients,,Standardized Coefficients,t,Sig.,95.0% Confidence Interval for B,,
,,B,Std. Error,Beta,,,Lower Bound,Upper Bound,
1,(Constant),1.669,0.127,,13.132,0.000,1.403,1.935,
,Year_zero_ctrd,-0.040,0.021,-0.400,-1.902,0.072,-0.084,0.004,
2,(Constant),1.709,0.196,,8.728,0.000,1.298,2.120,
,Year_zero_ctrd,-0.040,0.022,-0.400,-1.855,0.080,-0.085,0.005,
,Year_zero_ctrd_sq,-0.001,0.004,-0.059,-0.275,0.786,-0.009,0.007,
a. Dependent Variable: Musical,,,,,,,,,
,,,,,,,,,
Excluded Variablesa,,,,,,,,,
Model,,Beta In,t,Sig.,Partial Correlation,Collinearity Statistics,,,
,,,,,,Tolerance,,,
1,Year_zero_ctrd_sq,-.059b,-0.275,0.786,-0.065,1.000,,,
a. Dependent Variable: Musical,,,,,,,,,
"b. Predictors in the Model: (Constant), Year_zero_ctrd",,,,,,,,,
,,,,,,,,,
,,,,,,,,,
REGRESSION,,,,,,,,,
  /DESCRIPTIVES MEAN STDDEV CORR SIG N,,,,,,,,,
  /MISSING LISTWISE,,,,,,,,,
  /STATISTICS COEFF OUTS CI(95) R ANOVA CHANGE,,,,,,,,,
  /CRITERIA=PIN(.05) POUT(.10),,,,,,,,,
  /NOORIGIN,,,,,,,,,
  /DEPENDENT Mystery,,,,,,,,,
  /METHOD=ENTER Year_zero_ctrd,,,,,,,,,
  /METHOD=ENTER Year_zero_ctrd_sq.,,,,,,,,,
,,,,,,,,,
,,,,,,,,,
Regression,,,,,,,,,
,,,,,,,,,
Descriptive Statistics,,,,,,,,,
,Mean,Std. Deviation,N,,,,,,
Mystery,7.830647918981890,1.229258449237950,21,,,,,,
Year_zero_ctrd,0.0000,6.20484,21,,,,,,
Year_zero_ctrd_sq,36.6667,33.49079,21,,,,,,
,,,,,,,,,
Correlations,,,,,,,,,
,,Mystery,Year_zero_ctrd,Year_zero_ctrd_sq,,,,,
Pearson Correlation,Mystery,1.000,-0.284,0.449,,,,,
,Year_zero_ctrd,-0.284,1.000,0.000,,,,,
,Year_zero_ctrd_sq,0.449,0.000,1.000,,,,,
Sig. (1-tailed),Mystery,,0.106,0.021,,,,,
,Year_zero_ctrd,0.106,,0.500,,,,,
,Year_zero_ctrd_sq,0.021,0.500,,,,,,
N,Mystery,21,21,21,,,,,
,Year_zero_ctrd,21,21,21,,,,,
,Year_zero_ctrd_sq,21,21,21,,,,,
,,,,,,,,,
Variables Entered/Removeda,,,,,,,,,
Model,Variables Entered,Variables Removed,Method,,,,,,
1,Year_zero_ctrdb,,Enter,,,,,,
2,Year_zero_ctrd_sqb,,Enter,,,,,,
a. Dependent Variable: Mystery,,,,,,,,,
b. All requested variables entered.,,,,,,,,,
,,,,,,,,,
Model Summary,,,,,,,,,
Model,R,R Square,Adjusted R Square,Std. Error of the Estimate,Change Statistics,,,,
,,,,,R Square Change,F Change,df1,df2,Sig. F Change
1,.284a,0.081,0.032,1.209262283599310,0.081,1.667,1,19,0.212
2,.532b,0.283,0.203,1.097535402639390,0.202,5.065,1,18,0.037
"a. Predictors: (Constant), Year_zero_ctrd",,,,,,,,,
"b. Predictors: (Constant), Year_zero_ctrd, Year_zero_ctrd_sq",,,,,,,,,
,,,,,,,,,
ANOVAa,,,,,,,,,
Model,,Sum of Squares,df,Mean Square,F,Sig.,,,
1,Regression,2.438,1,2.438,1.667,.212b,,,
,Residual,27.784,19,1.462,,,,,
,Total,30.222,20,,,,,,
2,Regression,8.539,2,4.270,3.544,.050c,,,
,Residual,21.683,18,1.205,,,,,
,Total,30.222,20,,,,,,
a. Dependent Variable: Mystery,,,,,,,,,
"b. Predictors: (Constant), Year_zero_ctrd",,,,,,,,,
"c. Predictors: (Constant), Year_zero_ctrd, Year_zero_ctrd_sq",,,,,,,,,
,,,,,,,,,
Coefficientsa,,,,,,,,,
Model,,Unstandardized Coefficients,,Standardized Coefficients,t,Sig.,95.0% Confidence Interval for B,,
,,B,Std. Error,Beta,,,Lower Bound,Upper Bound,
1,(Constant),7.831,0.264,,29.675,0.000,7.278,8.383,
,Year_zero_ctrd,-0.056,0.044,-0.284,-1.291,0.212,-0.147,0.035,
2,(Constant),7.226,0.360,,20.076,0.000,6.470,7.982,
,Year_zero_ctrd,-0.056,0.040,-0.284,-1.423,0.172,-0.139,0.027,
,Year_zero_ctrd_sq,0.016,0.007,0.449,2.251,0.037,0.001,0.032,
a. Dependent Variable: Mystery,,,,,,,,,
,,,,,,,,,
Excluded Variablesa,,,,,,,,,
Model,,Beta In,t,Sig.,Partial Correlation,Collinearity Statistics,,,
,,,,,,Tolerance,,,
1,Year_zero_ctrd_sq,.449b,2.251,0.037,0.469,1.000,,,
a. Dependent Variable: Mystery,,,,,,,,,
"b. Predictors in the Model: (Constant), Year_zero_ctrd",,,,,,,,,
,,,,,,,,,
,,,,,,,,,
REGRESSION,,,,,,,,,
  /DESCRIPTIVES MEAN STDDEV CORR SIG N,,,,,,,,,
  /MISSING LISTWISE,,,,,,,,,
  /STATISTICS COEFF OUTS CI(95) R ANOVA CHANGE,,,,,,,,,
  /CRITERIA=PIN(.05) POUT(.10),,,,,,,,,
  /NOORIGIN,,,,,,,,,
  /DEPENDENT Romance,,,,,,,,,
  /METHOD=ENTER Year_zero_ctrd,,,,,,,,,
  /METHOD=ENTER Year_zero_ctrd_sq.,,,,,,,,,
,,,,,,,,,
,,,,,,,,,
Regression,,,,,,,,,
,,,,,,,,,
Descriptive Statistics,,,,,,,,,
,Mean,Std. Deviation,N,,,,,,
Romance,22.608491474791200,5.332138388996610,21,,,,,,
Year_zero_ctrd,0.0000,6.20484,21,,,,,,
Year_zero_ctrd_sq,36.6667,33.49079,21,,,,,,
,,,,,,,,,
Correlations,,,,,,,,,
,,Romance,Year_zero_ctrd,Year_zero_ctrd_sq,,,,,
Pearson Correlation,Romance,1.000,-0.950,-0.124,,,,,
,Year_zero_ctrd,-0.950,1.000,0.000,,,,,
,Year_zero_ctrd_sq,-0.124,0.000,1.000,,,,,
Sig. (1-tailed),Romance,,0.000,0.296,,,,,
,Year_zero_ctrd,0.000,,0.500,,,,,
,Year_zero_ctrd_sq,0.296,0.500,,,,,,
N,Romance,21,21,21,,,,,
,Year_zero_ctrd,21,21,21,,,,,
,Year_zero_ctrd_sq,21,21,21,,,,,
,,,,,,,,,
Variables Entered/Removeda,,,,,,,,,
Model,Variables Entered,Variables Removed,Method,,,,,,
1,Year_zero_ctrdb,,Enter,,,,,,
2,Year_zero_ctrd_sqb,,Enter,,,,,,
a. Dependent Variable: Romance,,,,,,,,,
b. All requested variables entered.,,,,,,,,,
,,,,,,,,,
Model Summary,,,,,,,,,
Model,R,R Square,Adjusted R Square,Std. Error of the Estimate,Change Statistics,,,,
,,,,,R Square Change,F Change,df1,df2,Sig. F Change
1,.950a,0.902,0.897,1.713670827398750,0.902,174.632,1,19,0.000
2,.958b,0.917,0.908,1.616211818285280,0.015,3.361,1,18,0.083
"a. Predictors: (Constant), Year_zero_ctrd",,,,,,,,,
"b. Predictors: (Constant), Year_zero_ctrd, Year_zero_ctrd_sq",,,,,,,,,
,,,,,,,,,
ANOVAa,,,,,,,,,
Model,,Sum of Squares,df,Mean Square,F,Sig.,,,
1,Regression,512.837,1,512.837,174.632,.000b,,,
,Residual,55.797,19,2.937,,,,,
,Total,568.634,20,,,,,,
2,Regression,521.615,2,260.808,99.844,.000c,,,
,Residual,47.019,18,2.612,,,,,
,Total,568.634,20,,,,,,
a. Dependent Variable: Romance,,,,,,,,,
"b. Predictors: (Constant), Year_zero_ctrd",,,,,,,,,
"c. Predictors: (Constant), Year_zero_ctrd, Year_zero_ctrd_sq",,,,,,,,,
,,,,,,,,,
Coefficientsa,,,,,,,,,
Model,,Unstandardized Coefficients,,Standardized Coefficients,t,Sig.,95.0% Confidence Interval for B,,
,,B,Std. Error,Beta,,,Lower Bound,Upper Bound,
1,(Constant),22.608,0.374,,60.458,0.000,21.826,23.391,
,Year_zero_ctrd,-0.816,0.062,-0.950,-13.215,0.000,-0.945,-0.687,
2,(Constant),23.334,0.530,,44.023,0.000,22.220,24.447,
,Year_zero_ctrd,-0.816,0.058,-0.950,-14.012,0.000,-0.938,-0.694,
,Year_zero_ctrd_sq,-0.020,0.011,-0.124,-1.833,0.083,-0.042,0.003,
a. Dependent Variable: Romance,,,,,,,,,
,,,,,,,,,
Excluded Variablesa,,,,,,,,,
Model,,Beta In,t,Sig.,Partial Correlation,Collinearity Statistics,,,
,,,,,,Tolerance,,,
1,Year_zero_ctrd_sq,-.124b,-1.833,0.083,-0.397,1.000,,,
a. Dependent Variable: Romance,,,,,,,,,
"b. Predictors in the Model: (Constant), Year_zero_ctrd",,,,,,,,,
,,,,,,,,,
,,,,,,,,,
REGRESSION,,,,,,,,,
  /DESCRIPTIVES MEAN STDDEV CORR SIG N,,,,,,,,,
  /MISSING LISTWISE,,,,,,,,,
  /STATISTICS COEFF OUTS CI(95) R ANOVA CHANGE,,,,,,,,,
  /CRITERIA=PIN(.05) POUT(.10),,,,,,,,,
  /NOORIGIN,,,,,,,,,
  /DEPENDENT Sci_Fi,,,,,,,,,
  /METHOD=ENTER Year_zero_ctrd,,,,,,,,,
  /METHOD=ENTER Year_zero_ctrd_sq.,,,,,,,,,
,,,,,,,,,
,,,,,,,,,
Regression,,,,,,,,,
,,,,,,,,,
Descriptive Statistics,,,,,,,,,
,Mean,Std. Deviation,N,,,,,,
Sci_Fi,6.516969259368610,1.401253239881210,21,,,,,,
Year_zero_ctrd,0.0000,6.20484,21,,,,,,
Year_zero_ctrd_sq,36.6667,33.49079,21,,,,,,
,,,,,,,,,
Correlations,,,,,,,,,
,,Sci_Fi,Year_zero_ctrd,Year_zero_ctrd_sq,,,,,
Pearson Correlation,Sci_Fi,1.000,0.156,0.742,,,,,
,Year_zero_ctrd,0.156,1.000,0.000,,,,,
,Year_zero_ctrd_sq,0.742,0.000,1.000,,,,,
Sig. (1-tailed),Sci_Fi,,0.250,0.000,,,,,
,Year_zero_ctrd,0.250,,0.500,,,,,
,Year_zero_ctrd_sq,0.000,0.500,,,,,,
N,Sci_Fi,21,21,21,,,,,
,Year_zero_ctrd,21,21,21,,,,,
,Year_zero_ctrd_sq,21,21,21,,,,,
,,,,,,,,,
Variables Entered/Removeda,,,,,,,,,
Model,Variables Entered,Variables Removed,Method,,,,,,
1,Year_zero_ctrdb,,Enter,,,,,,
2,Year_zero_ctrd_sqb,,Enter,,,,,,
a. Dependent Variable: Sci_Fi,,,,,,,,,
b. All requested variables entered.,,,,,,,,,
,,,,,,,,,
Model Summary,,,,,,,,,
Model,R,R Square,Adjusted R Square,Std. Error of the Estimate,Change Statistics,,,,
,,,,,R Square Change,F Change,df1,df2,Sig. F Change
1,.156a,0.024,-0.027,1.420055172165860,0.024,0.474,1,19,0.500
2,.758b,0.575,0.528,0.962871644125531,0.551,23.326,1,18,0.000
"a. Predictors: (Constant), Year_zero_ctrd",,,,,,,,,
"b. Predictors: (Constant), Year_zero_ctrd, Year_zero_ctrd_sq",,,,,,,,,
,,,,,,,,,
ANOVAa,,,,,,,,,
Model,,Sum of Squares,df,Mean Square,F,Sig.,,,
1,Regression,0.956,1,0.956,0.474,.500b,,,
,Residual,38.315,19,2.017,,,,,
,Total,39.270,20,,,,,,
2,Regression,22.582,2,11.291,12.179,.000c,,,
,Residual,16.688,18,0.927,,,,,
,Total,39.270,20,,,,,,
a. Dependent Variable: Sci_Fi,,,,,,,,,
"b. Predictors: (Constant), Year_zero_ctrd",,,,,,,,,
"c. Predictors: (Constant), Year_zero_ctrd, Year_zero_ctrd_sq",,,,,,,,,
,,,,,,,,,
Coefficientsa,,,,,,,,,
Model,,Unstandardized Coefficients,,Standardized Coefficients,t,Sig.,95.0% Confidence Interval for B,,
,,B,Std. Error,Beta,,,Lower Bound,Upper Bound,
1,(Constant),6.517,0.310,,21.031,0.000,5.868,7.166,
,Year_zero_ctrd,0.035,0.051,0.156,0.688,0.500,-0.072,0.142,
2,(Constant),5.378,0.316,,17.033,0.000,4.715,6.042,
,Year_zero_ctrd,0.035,0.035,0.156,1.015,0.323,-0.038,0.108,
,Year_zero_ctrd_sq,0.031,0.006,0.742,4.830,0.000,0.018,0.045,
a. Dependent Variable: Sci_Fi,,,,,,,,,
,,,,,,,,,
Excluded Variablesa,,,,,,,,,
Model,,Beta In,t,Sig.,Partial Correlation,Collinearity Statistics,,,
,,,,,,Tolerance,,,
1,Year_zero_ctrd_sq,.742b,4.830,0.000,0.751,1.000,,,
a. Dependent Variable: Sci_Fi,,,,,,,,,
"b. Predictors in the Model: (Constant), Year_zero_ctrd",,,,,,,,,
,,,,,,,,,
,,,,,,,,,
REGRESSION,,,,,,,,,
  /DESCRIPTIVES MEAN STDDEV CORR SIG N,,,,,,,,,
  /MISSING LISTWISE,,,,,,,,,
  /STATISTICS COEFF OUTS CI(95) R ANOVA CHANGE,,,,,,,,,
  /CRITERIA=PIN(.05) POUT(.10),,,,,,,,,
  /NOORIGIN,,,,,,,,,
  /DEPENDENT Short,,,,,,,,,
  /METHOD=ENTER Year_zero_ctrd,,,,,,,,,
  /METHOD=ENTER Year_zero_ctrd_sq.,,,,,,,,,
,,,,,,,,,
,,,,,,,,,
Regression,,,,,,,,,
,,,,,,,,,
Descriptive Statistics,,,,,,,,,
,Mean,Std. Deviation,N,,,,,,
Short,0.250663837643100,0.231716146091800,21,,,,,,
Year_zero_ctrd,0.0000,6.20484,21,,,,,,
Year_zero_ctrd_sq,36.6667,33.49079,21,,,,,,
,,,,,,,,,
Correlations,,,,,,,,,
,,Short,Year_zero_ctrd,Year_zero_ctrd_sq,,,,,
Pearson Correlation,Short,1.000,-0.628,-0.278,,,,,
,Year_zero_ctrd,-0.628,1.000,0.000,,,,,
,Year_zero_ctrd_sq,-0.278,0.000,1.000,,,,,
Sig. (1-tailed),Short,,0.001,0.111,,,,,
,Year_zero_ctrd,0.001,,0.500,,,,,
,Year_zero_ctrd_sq,0.111,0.500,,,,,,
N,Short,21,21,21,,,,,
,Year_zero_ctrd,21,21,21,,,,,
,Year_zero_ctrd_sq,21,21,21,,,,,
,,,,,,,,,
Variables Entered/Removeda,,,,,,,,,
Model,Variables Entered,Variables Removed,Method,,,,,,
1,Year_zero_ctrdb,,Enter,,,,,,
2,Year_zero_ctrd_sqb,,Enter,,,,,,
a. Dependent Variable: Short,,,,,,,,,
b. All requested variables entered.,,,,,,,,,
,,,,,,,,,
Model Summary,,,,,,,,,
Model,R,R Square,Adjusted R Square,Std. Error of the Estimate,Change Statistics,,,,
,,,,,R Square Change,F Change,df1,df2,Sig. F Change
1,.628a,0.394,0.362,0.185025133231292,0.394,12.368,1,19,0.002
2,.687b,0.472,0.413,0.177512501616363,0.078,2.642,1,18,0.121
"a. Predictors: (Constant), Year_zero_ctrd",,,,,,,,,
"b. Predictors: (Constant), Year_zero_ctrd, Year_zero_ctrd_sq",,,,,,,,,
,,,,,,,,,
ANOVAa,,,,,,,,,
Model,,Sum of Squares,df,Mean Square,F,Sig.,,,
1,Regression,0.423,1,0.423,12.368,.002b,,,
,Residual,0.650,19,0.034,,,,,
,Total,1.074,20,,,,,,
2,Regression,0.507,2,0.253,8.039,.003c,,,
,Residual,0.567,18,0.032,,,,,
,Total,1.074,20,,,,,,
a. Dependent Variable: Short,,,,,,,,,
"b. Predictors: (Constant), Year_zero_ctrd",,,,,,,,,
"c. Predictors: (Constant), Year_zero_ctrd, Year_zero_ctrd_sq",,,,,,,,,
,,,,,,,,,
Coefficientsa,,,,,,,,,
Model,,Unstandardized Coefficients,,Standardized Coefficients,t,Sig.,95.0% Confidence Interval for B,,
,,B,Std. Error,Beta,,,Lower Bound,Upper Bound,
1,(Constant),0.251,0.040,,6.208,0.000,0.166,0.335,
,Year_zero_ctrd,-0.023,0.007,-0.628,-3.517,0.002,-0.037,-0.009,
2,(Constant),0.321,0.058,,5.519,0.000,0.199,0.444,
,Year_zero_ctrd,-0.023,0.006,-0.628,-3.666,0.002,-0.037,-0.010,
,Year_zero_ctrd_sq,-0.002,0.001,-0.278,-1.626,0.121,-0.004,0.001,
a. Dependent Variable: Short,,,,,,,,,
,,,,,,,,,
Excluded Variablesa,,,,,,,,,
Model,,Beta In,t,Sig.,Partial Correlation,Collinearity Statistics,,,
,,,,,,Tolerance,,,
1,Year_zero_ctrd_sq,-.278b,-1.626,0.121,-0.358,1.000,,,
a. Dependent Variable: Short,,,,,,,,,
"b. Predictors in the Model: (Constant), Year_zero_ctrd",,,,,,,,,
,,,,,,,,,
,,,,,,,,,
REGRESSION,,,,,,,,,
  /DESCRIPTIVES MEAN STDDEV CORR SIG N,,,,,,,,,
  /MISSING LISTWISE,,,,,,,,,
  /STATISTICS COEFF OUTS CI(95) R ANOVA CHANGE,,,,,,,,,
  /CRITERIA=PIN(.05) POUT(.10),,,,,,,,,
  /NOORIGIN,,,,,,,,,
  /DEPENDENT Sport,,,,,,,,,
  /METHOD=ENTER Year_zero_ctrd,,,,,,,,,
  /METHOD=ENTER Year_zero_ctrd_sq.,,,,,,,,,
,,,,,,,,,
,,,,,,,,,
Regression,,,,,,,,,
,,,,,,,,,
Descriptive Statistics,,,,,,,,,
,Mean,Std. Deviation,N,,,,,,
Sport,3.292601355002890,1.092717085007600,21,,,,,,
Year_zero_ctrd,0.0000,6.20484,21,,,,,,
Year_zero_ctrd_sq,36.6667,33.49079,21,,,,,,
,,,,,,,,,
Correlations,,,,,,,,,
,,Sport,Year_zero_ctrd,Year_zero_ctrd_sq,,,,,
Pearson Correlation,Sport,1.000,-0.136,-0.598,,,,,
,Year_zero_ctrd,-0.136,1.000,0.000,,,,,
,Year_zero_ctrd_sq,-0.598,0.000,1.000,,,,,
Sig. (1-tailed),Sport,,0.279,0.002,,,,,
,Year_zero_ctrd,0.279,,0.500,,,,,
,Year_zero_ctrd_sq,0.002,0.500,,,,,,
N,Sport,21,21,21,,,,,
,Year_zero_ctrd,21,21,21,,,,,
,Year_zero_ctrd_sq,21,21,21,,,,,
,,,,,,,,,
Variables Entered/Removeda,,,,,,,,,
Model,Variables Entered,Variables Removed,Method,,,,,,
1,Year_zero_ctrdb,,Enter,,,,,,
2,Year_zero_ctrd_sqb,,Enter,,,,,,
a. Dependent Variable: Sport,,,,,,,,,
b. All requested variables entered.,,,,,,,,,
,,,,,,,,,
Model Summary,,,,,,,,,
Model,R,R Square,Adjusted R Square,Std. Error of the Estimate,Change Statistics,,,,
,,,,,R Square Change,F Change,df1,df2,Sig. F Change
1,.136a,0.018,-0.033,1.110715513936340,0.018,0.357,1,19,0.557
2,.613b,0.376,0.307,0.909886832670077,0.358,10.313,1,18,0.005
"a. Predictors: (Constant), Year_zero_ctrd",,,,,,,,,
"b. Predictors: (Constant), Year_zero_ctrd, Year_zero_ctrd_sq",,,,,,,,,
,,,,,,,,,
ANOVAa,,,,,,,,,
Model,,Sum of Squares,df,Mean Square,F,Sig.,,,
1,Regression,0.441,1,0.441,0.357,.557b,,,
,Residual,23.440,19,1.234,,,,,
,Total,23.881,20,,,,,,
2,Regression,8.979,2,4.489,5.423,.014c,,,
,Residual,14.902,18,0.828,,,,,
,Total,23.881,20,,,,,,
a. Dependent Variable: Sport,,,,,,,,,
"b. Predictors: (Constant), Year_zero_ctrd",,,,,,,,,
"c. Predictors: (Constant), Year_zero_ctrd, Year_zero_ctrd_sq",,,,,,,,,
,,,,,,,,,
Coefficientsa,,,,,,,,,
Model,,Unstandardized Coefficients,,Standardized Coefficients,t,Sig.,95.0% Confidence Interval for B,,
,,B,Std. Error,Beta,,,Lower Bound,Upper Bound,
1,(Constant),3.293,0.242,,13.585,0.000,2.785,3.800,
,Year_zero_ctrd,-0.024,0.040,-0.136,-0.598,0.557,-0.108,0.060,
2,(Constant),4.008,0.298,,13.432,0.000,3.381,4.635,
,Year_zero_ctrd,-0.024,0.033,-0.136,-0.729,0.475,-0.093,0.045,
,Year_zero_ctrd_sq,-0.020,0.006,-0.598,-3.211,0.005,-0.032,-0.007,
a. Dependent Variable: Sport,,,,,,,,,
,,,,,,,,,
Excluded Variablesa,,,,,,,,,
Model,,Beta In,t,Sig.,Partial Correlation,Collinearity Statistics,,,
,,,,,,Tolerance,,,
1,Year_zero_ctrd_sq,-.598b,-3.211,0.005,-0.604,1.000,,,
a. Dependent Variable: Sport,,,,,,,,,
"b. Predictors in the Model: (Constant), Year_zero_ctrd",,,,,,,,,
,,,,,,,,,
,,,,,,,,,
REGRESSION,,,,,,,,,
  /DESCRIPTIVES MEAN STDDEV CORR SIG N,,,,,,,,,
  /MISSING LISTWISE,,,,,,,,,
  /STATISTICS COEFF OUTS CI(95) R ANOVA CHANGE,,,,,,,,,
  /CRITERIA=PIN(.05) POUT(.10),,,,,,,,,
  /NOORIGIN,,,,,,,,,
  /DEPENDENT Thriller,,,,,,,,,
  /METHOD=ENTER Year_zero_ctrd,,,,,,,,,
  /METHOD=ENTER Year_zero_ctrd_sq.,,,,,,,,,
,,,,,,,,,
,,,,,,,,,
Regression,,,,,,,,,
,,,,,,,,,
Descriptive Statistics,,,,,,,,,
,Mean,Std. Deviation,N,,,,,,
Thriller,19.622084651337800,1.974254643700910,21,,,,,,
Year_zero_ctrd,0.0000,6.20484,21,,,,,,
Year_zero_ctrd_sq,36.6667,33.49079,21,,,,,,
,,,,,,,,,
Correlations,,,,,,,,,
,,Thriller,Year_zero_ctrd,Year_zero_ctrd_sq,,,,,
Pearson Correlation,Thriller,1.000,0.084,0.492,,,,,
,Year_zero_ctrd,0.084,1.000,0.000,,,,,
,Year_zero_ctrd_sq,0.492,0.000,1.000,,,,,
Sig. (1-tailed),Thriller,,0.358,0.012,,,,,
,Year_zero_ctrd,0.358,,0.500,,,,,
,Year_zero_ctrd_sq,0.012,0.500,,,,,,
N,Thriller,21,21,21,,,,,
,Year_zero_ctrd,21,21,21,,,,,
,Year_zero_ctrd_sq,21,21,21,,,,,
,,,,,,,,,
Variables Entered/Removeda,,,,,,,,,
Model,Variables Entered,Variables Removed,Method,,,,,,
1,Year_zero_ctrdb,,Enter,,,,,,
2,Year_zero_ctrd_sqb,,Enter,,,,,,
a. Dependent Variable: Thriller,,,,,,,,,
b. All requested variables entered.,,,,,,,,,
,,,,,,,,,
Model Summary,,,,,,,,,
Model,R,R Square,Adjusted R Square,Std. Error of the Estimate,Change Statistics,,,,
,,,,,R Square Change,F Change,df1,df2,Sig. F Change
1,.084a,0.007,-0.045,2.018329850369950,0.007,0.136,1,19,0.716
2,.499b,0.249,0.166,1.803182779503990,0.242,5.804,1,18,0.027
"a. Predictors: (Constant), Year_zero_ctrd",,,,,,,,,
"b. Predictors: (Constant), Year_zero_ctrd, Year_zero_ctrd_sq",,,,,,,,,
,,,,,,,,,
ANOVAa,,,,,,,,,
Model,,Sum of Squares,df,Mean Square,F,Sig.,,,
1,Regression,0.554,1,0.554,0.136,.716b,,,
,Residual,77.399,19,4.074,,,,,
,Total,77.954,20,,,,,,
2,Regression,19.427,2,9.714,2.987,.076c,,,
,Residual,58.526,18,3.251,,,,,
,Total,77.954,20,,,,,,
a. Dependent Variable: Thriller,,,,,,,,,
"b. Predictors: (Constant), Year_zero_ctrd",,,,,,,,,
"c. Predictors: (Constant), Year_zero_ctrd, Year_zero_ctrd_sq",,,,,,,,,
,,,,,,,,,
Coefficientsa,,,,,,,,,
Model,,Unstandardized Coefficients,,Standardized Coefficients,t,Sig.,95.0% Confidence Interval for B,,
,,B,Std. Error,Beta,,,Lower Bound,Upper Bound,
1,(Constant),19.622,0.440,,44.552,0.000,18.700,20.544,
,Year_zero_ctrd,0.027,0.073,0.084,0.369,0.716,-0.125,0.179,
2,(Constant),18.559,0.591,,31.383,0.000,17.316,19.801,
,Year_zero_ctrd,0.027,0.065,0.084,0.413,0.685,-0.110,0.163,
,Year_zero_ctrd_sq,0.029,0.012,0.492,2.409,0.027,0.004,0.054,
a. Dependent Variable: Thriller,,,,,,,,,
,,,,,,,,,
Excluded Variablesa,,,,,,,,,
Model,,Beta In,t,Sig.,Partial Correlation,Collinearity Statistics,,,
,,,,,,Tolerance,,,
1,Year_zero_ctrd_sq,.492b,2.409,0.027,0.494,1.000,,,
a. Dependent Variable: Thriller,,,,,,,,,
"b. Predictors in the Model: (Constant), Year_zero_ctrd",,,,,,,,,
,,,,,,,,,
,,,,,,,,,
REGRESSION,,,,,,,,,
  /DESCRIPTIVES MEAN STDDEV CORR SIG N,,,,,,,,,
  /MISSING LISTWISE,,,,,,,,,
  /STATISTICS COEFF OUTS CI(95) R ANOVA CHANGE,,,,,,,,,
  /CRITERIA=PIN(.05) POUT(.10),,,,,,,,,
  /NOORIGIN,,,,,,,,,
  /DEPENDENT War,,,,,,,,,
  /METHOD=ENTER Year_zero_ctrd,,,,,,,,,
  /METHOD=ENTER Year_zero_ctrd_sq.,,,,,,,,,
,,,,,,,,,
,,,,,,,,,
Regression,,,,,,,,,
,,,,,,,,,
Descriptive Statistics,,,,,,,,,
,Mean,Std. Deviation,N,,,,,,
War,3.810804267639920,1.084524203528650,21,,,,,,
Year_zero_ctrd,0.0000,6.20484,21,,,,,,
Year_zero_ctrd_sq,36.6667,33.49079,21,,,,,,
,,,,,,,,,
Correlations,,,,,,,,,
,,War,Year_zero_ctrd,Year_zero_ctrd_sq,,,,,
Pearson Correlation,War,1.000,-0.029,-0.068,,,,,
,Year_zero_ctrd,-0.029,1.000,0.000,,,,,
,Year_zero_ctrd_sq,-0.068,0.000,1.000,,,,,
Sig. (1-tailed),War,,0.451,0.385,,,,,
,Year_zero_ctrd,0.451,,0.500,,,,,
,Year_zero_ctrd_sq,0.385,0.500,,,,,,
N,War,21,21,21,,,,,
,Year_zero_ctrd,21,21,21,,,,,
,Year_zero_ctrd_sq,21,21,21,,,,,
,,,,,,,,,
Variables Entered/Removeda,,,,,,,,,
Model,Variables Entered,Variables Removed,Method,,,,,,
1,Year_zero_ctrdb,,Enter,,,,,,
2,Year_zero_ctrd_sqb,,Enter,,,,,,
a. Dependent Variable: War,,,,,,,,,
b. All requested variables entered.,,,,,,,,,
,,,,,,,,,
Model Summary,,,,,,,,,
Model,R,R Square,Adjusted R Square,Std. Error of the Estimate,Change Statistics,,,,
,,,,,R Square Change,F Change,df1,df2,Sig. F Change
1,.029a,0.001,-0.052,1.112245012382350,0.001,0.015,1,19,0.902
2,.073b,0.005,-0.105,1.140100197257980,0.005,0.083,1,18,0.777
"a. Predictors: (Constant), Year_zero_ctrd",,,,,,,,,
"b. Predictors: (Constant), Year_zero_ctrd, Year_zero_ctrd_sq",,,,,,,,,
,,,,,,,,,
ANOVAa,,,,,,,,,
Model,,Sum of Squares,df,Mean Square,F,Sig.,,,
1,Regression,0.019,1,0.019,0.015,.902b,,,
,Residual,23.505,19,1.237,,,,,
,Total,23.524,20,,,,,,
2,Regression,0.127,2,0.063,0.049,.952c,,,
,Residual,23.397,18,1.300,,,,,
,Total,23.524,20,,,,,,
a. Dependent Variable: War,,,,,,,,,
"b. Predictors: (Constant), Year_zero_ctrd",,,,,,,,,
"c. Predictors: (Constant), Year_zero_ctrd, Year_zero_ctrd_sq",,,,,,,,,
,,,,,,,,,
Coefficientsa,,,,,,,,,
Model,,Unstandardized Coefficients,,Standardized Coefficients,t,Sig.,95.0% Confidence Interval for B,,
,,B,Std. Error,Beta,,,Lower Bound,Upper Bound,
1,(Constant),3.811,0.243,,15.701,0.000,3.303,4.319,
,Year_zero_ctrd,-0.005,0.040,-0.029,-0.124,0.902,-0.089,0.079,
2,(Constant),3.891,0.374,,10.407,0.000,3.106,4.677,
,Year_zero_ctrd,-0.005,0.041,-0.029,-0.121,0.905,-0.091,0.081,
,Year_zero_ctrd_sq,-0.002,0.008,-0.068,-0.288,0.777,-0.018,0.014,
a. Dependent Variable: War,,,,,,,,,
,,,,,,,,,
Excluded Variablesa,,,,,,,,,
Model,,Beta In,t,Sig.,Partial Correlation,Collinearity Statistics,,,
,,,,,,Tolerance,,,
1,Year_zero_ctrd_sq,-.068b,-0.288,0.777,-0.068,1.000,,,
a. Dependent Variable: War,,,,,,,,,
"b. Predictors in the Model: (Constant), Year_zero_ctrd",,,,,,,,,
,,,,,,,,,
,,,,,,,,,
REGRESSION,,,,,,,,,
  /DESCRIPTIVES MEAN STDDEV CORR SIG N,,,,,,,,,
  /MISSING LISTWISE,,,,,,,,,
  /STATISTICS COEFF OUTS CI(95) R ANOVA CHANGE,,,,,,,,,
  /CRITERIA=PIN(.05) POUT(.10),,,,,,,,,
  /NOORIGIN,,,,,,,,,
  /DEPENDENT Western,,,,,,,,,
  /METHOD=ENTER Year_zero_ctrd,,,,,,,,,
  /METHOD=ENTER Year_zero_ctrd_sq.,,,,,,,,,
,,,,,,,,,
,,,,,,,,,
Regression,,,,,,,,,
,,,,,,,,,
Descriptive Statistics,,,,,,,,,
,Mean,Std. Deviation,N,,,,,,
Western,0.899117750518797,0.411015566364945,21,,,,,,
Year_zero_ctrd,0.0000,6.20484,21,,,,,,
Year_zero_ctrd_sq,36.6667,33.49079,21,,,,,,
,,,,,,,,,
Correlations,,,,,,,,,
,,Western,Year_zero_ctrd,Year_zero_ctrd_sq,,,,,
Pearson Correlation,Western,1.000,0.178,0.180,,,,,
,Year_zero_ctrd,0.178,1.000,0.000,,,,,
,Year_zero_ctrd_sq,0.180,0.000,1.000,,,,,
Sig. (1-tailed),Western,,0.220,0.217,,,,,
,Year_zero_ctrd,0.220,,0.500,,,,,
,Year_zero_ctrd_sq,0.217,0.500,,,,,,
N,Western,21,21,21,,,,,
,Year_zero_ctrd,21,21,21,,,,,
,Year_zero_ctrd_sq,21,21,21,,,,,
,,,,,,,,,
Variables Entered/Removeda,,,,,,,,,
Model,Variables Entered,Variables Removed,Method,,,,,,
1,Year_zero_ctrdb,,Enter,,,,,,
2,Year_zero_ctrd_sqb,,Enter,,,,,,
a. Dependent Variable: Western,,,,,,,,,
b. All requested variables entered.,,,,,,,,,
,,,,,,,,,
Model Summary,,,,,,,,,
Model,R,R Square,Adjusted R Square,Std. Error of the Estimate,Change Statistics,,,,
,,,,,R Square Change,F Change,df1,df2,Sig. F Change
1,.178a,0.032,-0.019,0.414983361727597,0.032,0.619,1,19,0.441
2,.253b,0.064,-0.040,0.419158227918554,0.032,0.623,1,18,0.440
"a. Predictors: (Constant), Year_zero_ctrd",,,,,,,,,
"b. Predictors: (Constant), Year_zero_ctrd, Year_zero_ctrd_sq",,,,,,,,,
,,,,,,,,,
ANOVAa,,,,,,,,,
Model,,Sum of Squares,df,Mean Square,F,Sig.,,,
1,Regression,0.107,1,0.107,0.619,.441b,,,
,Residual,3.272,19,0.172,,,,,
,Total,3.379,20,,,,,,
2,Regression,0.216,2,0.108,0.615,.551c,,,
,Residual,3.162,18,0.176,,,,,
,Total,3.379,20,,,,,,
a. Dependent Variable: Western,,,,,,,,,
"b. Predictors: (Constant), Year_zero_ctrd",,,,,,,,,
"c. Predictors: (Constant), Year_zero_ctrd, Year_zero_ctrd_sq",,,,,,,,,
,,,,,,,,,
Coefficientsa,,,,,,,,,
Model,,Unstandardized Coefficients,,Standardized Coefficients,t,Sig.,95.0% Confidence Interval for B,,
,,B,Std. Error,Beta,,,Lower Bound,Upper Bound,
1,(Constant),0.899,0.091,,9.929,0.000,0.710,1.089,
,Year_zero_ctrd,0.012,0.015,0.178,0.787,0.441,-0.020,0.043,
2,(Constant),0.818,0.137,,5.951,0.000,0.529,1.107,
,Year_zero_ctrd,0.012,0.015,0.178,0.779,0.446,-0.020,0.044,
,Year_zero_ctrd_sq,0.002,0.003,0.180,0.790,0.440,-0.004,0.008,
a. Dependent Variable: Western,,,,,,,,,
,,,,,,,,,
Excluded Variablesa,,,,,,,,,
Model,,Beta In,t,Sig.,Partial Correlation,Collinearity Statistics,,,
,,,,,,Tolerance,,,
1,Year_zero_ctrd_sq,.180b,0.790,0.440,0.183,1.000,,,
a. Dependent Variable: Western,,,,,,,,,
"b. Predictors in the Model: (Constant), Year_zero_ctrd",,,,,,,,,
